Name,Cell Line,passage,Drug Treatment,Parent,Holiday,Fixation,Media,Conc of Drug,Treatment (days),Clonal map,AT ID (from Attachments),Results,Status,JIRA,DLP Seq Lib,Link to SV,Sample Name (from Attachments),Library ID(s) (from Attachments),JIRA (from Attachments),Sync with calendar,ATLAS ID (from Sync with calendar),Task (from Sync with calendar),Date (from Sync with calendar),End (from Sync with calendar),Link to ticket (from Sync with calendar),EXP ID (Nanopore)(from Sync with calendar),AT-Barcode (from Sync with calendar),Matched Nanopore samples,#bases (Gb) (from Matched Nanopore samples),# reads (millions) (nanostat) (from Matched Nanopore samples),N50 (nanostat) (from Matched Nanopore samples),Quality (from Matched Nanopore samples),LIBRARY (from Matched Nanopore samples)
HCT-116 BRCA2-/- B18-CX5461-300 nM-+4-3d,HCT-116 BRCA2-/- B18,51,CX5461,,,Fresh,DMEM+FBS,300 nM,1,,AT21473,"https://alhena.molonc.ca/alhena/dashboards/SC-8505
",Done,SC-8252 SC-8253,AT21473 A138902A,HCT116 B18 p51 300nM Cx5461 96hr treatment,HCT116 B18 p51 300nM Cx5461 96hr treatment,"A138902A, A138910A",,,,,,,,,,,,,,,
HCT-116 BRCA2-/- B18-Untreated--d,HCT-116 BRCA2-/- B18,51,Untreated,,,Fresh,DMEM+FBS,,,,10575-CL,https://alhena.molonc.ca/alhena/dashboards/SC-8509,Done, SC-8236 SC-8237,10575-CL A138900B,HCT116 B18 p50,HCT116 B18 p50,"A138900B, A138908B",,,,,,,,,,,,,,,
HCT-116 WT-Untreated--d,HCT-116 WT,50,Untreated,,,Fresh,DMEM+FBS,,,,SA036,https://alhena.molonc.ca/alhena/dashboards/SC-8507,Done,SC-8234 SC-8235,SA036 A138900A,HCT116 Wt p51,HCT116 Wt p51,"A138900A, A138908A",,,,,,,,,,,,,,,
hTERT p53-/- BRCA1-/+ 85.14-Untreated--d,hTERT p53-/- BRCA1-/+ 85.14,10,Untreated,,,Fresh,MEBM defined media,,,,10375-CL,https://alhena.molonc.ca/alhena/dashboards/SC-7471,Done,SC-7384 SC-7385 , 10375-CL A118349B,hTERT 85.14 p10,hTERT 85.14 p10,A118409B,,Nanopore hTERT 85.14 p10,10375-CL A118349B ,Nanopore hTERT 85.14 p10,,,,,,,,,,,
RPE-1 cas9 p53 WT ARID1A -/- #7-Untreated--d,RPE-1 cas9 p53 WT ARID1A -/- #7,4,Untreated,,,Fresh,DMEM+FBS,,,A98207A_hdbscan_cell_cn_tree_heatmap_new.png (https://v5.airtableusercontent.com/v1/17/17/1686182400000/q5vk92-wBCKXTZp7Uzj0WQ/vEN2M-GDb05AlGr5-HPEmdDmacWDC3QvOEnsL6KOegxHzde-qslZgfUPJMiebJcvZbdlNkWeZI-MhAiyR2XFKON8XWLhn1AJo0LFeIt-Royf-muJ1Lgcu8HDKud2EhDakGaTqPsG9cdX77uGyuUWkw/5yaQfqgM2G0pt6mRtUeAvVrROx3VHxAIib45TAaARB0),AT7683,https://alhena.molonc.ca/alhena/dashboards/SC-7436,Done,SC-7209 SC-7210,AT7683 A98207A,RPE1  WT ARID1A KO p9,RPE1  WT ARID1A KO p9,A98222A,,,,,,,,,,,,,,,
RPE-1 cas9 p53 KO ARID1A -/+ #5-Untreated--d,RPE-1 cas9 p53 KO ARID1A -/+ #5,4,Untreated,,,Fresh,DMEM+FBS,,,A98213A_hdbscan_cell_cn_tree_heatmap_new.png (https://v5.airtableusercontent.com/v1/17/17/1686182400000/BFjOx1_D2Bk3AMY-WkuuOg/KJJzIoBkA1Gfn5z3eWSCN1G-LDaTW_DI4hdtMpRgSHAlQF_OQAePbb3AvDNlm4QXyW8j-2ziK0c5uZt4f6zPi-OurpVa1oNYsAPJytkJUHXZrfvjUHY6ig5aQ8Ry-1pJp0GaYlGoMvWHGy9WQQYzmg/hUcx5AN8VoLoCbfopJDqnfjBx0yDUXOlw5tISByDxmg),AT7684,https://alhena.molonc.ca/alhena/dashboards/SC-7438,Done,SC-7211 SC-7212,AT7684 A98213A,RPE1 p53 mut ARID1A KO p9,RPE1 p53 mut ARID1A KO p9,A98222B,,,,,,,,,,,,,,,
RPE-1 cas9 p53 KO-Untreated--d,RPE-1 cas9 p53 KO,9,Untreated,,,Fresh,DMEM+FBS,,,A98200A_hdbscan_cell_cn_tree_heatmap_new.png (https://v5.airtableusercontent.com/v1/17/17/1686182400000/jy7_hV2GwIpyxM2hl4S0hw/z3-bnCTKvSh-TppTgVq7BPbAzWBLIHL0mg_RPX9EXtIzqfaD88Qf3sKqZX7AMToqdWtq_hDyZGlKEwy_jips3av_xn9dvJ0-n7Jzx6KkHLsDKbL9LoLqE_X8AiiAmwkX2ECeJ-BIkfSPlv8c1i1uJw/lnDCC9EKOyrFvH_JlRbOe8VBnp0LzJZAROVlkCfnckA),AT7682,https://alhena.molonc.ca/alhena/dashboards/SC-7319,Done,SC-7207 SC-7208,AT7682 A98200A,RPE1 p53 mut p9,RPE1 p53 mut p9,A98224B,,,,,,,,,,,,,,,
RPE-1 cas9 p53 KO-etoposide-20 µM-6d,RPE-1 cas9 p53 KO,11,etoposide,,,Fresh,DMEM+FBS,20 µM,6,,,,NOT DONE,,,,,,,,,,,,,,,,,,,,
RPE-1 cas9 p53 KO-voreloxin-200 nM-6d,RPE-1 cas9 p53 KO,11,voreloxin,,,Fresh,DMEM+FBS,200 nM,6,A118428A_hdbscan_cell_cn_tree_heatmap_new.png (https://v5.airtableusercontent.com/v1/17/17/1686182400000/8_UujFR_UcqxOWwk8PtxmA/LBhuH0eltS086FuJ9QRbWMozh4LlpAs2sGWuPh2kFol6nYUQvYST4mNxTQYLP_UIWWNwz22p3EMdNs1rDv9a-jwkJz09dNPbCsAKZAxkF8xb2a2HPeDx1N7o4DBVzSWSMb17WGhCSl2ByQaBzm67IQ/zCkwIvR4D_JOVr9Mf4Zt2REbfHPpg4L_bJ2zDR_bYb4),AT9248,https://alhena.molonc.ca/alhena/dashboards/SC-7326,Done,SC-7237 SC-7236,AT9248 A118428A,RPE1 p53 mut 200uM veroloxin,RPE1 p53 mut 200uM veroloxin,A121084A,,,,,,,,,,,,,,,
RPE-1 cas9 p53 WT-Untreated--d,RPE-1 cas9 p53 WT,9,Untreated,,,Fresh,DMEM+FBS,,,A98223B_hdbscan_cell_cn_tree_heatmap_new.png (https://v5.airtableusercontent.com/v1/17/17/1686182400000/CNBzHrUjac_49cKOG0c6nQ/XSkG1WzbWl_Up3WMHFNyyvS30kNMkDVpt3pzPN7kMH7tfcO8CWgd-g00n1ClHyXkvk8bXKOqyWdTVG6TxgrQyGR9DzAcirhCP8BhxpTh67iQzRhixe2RXAe0TAOq2CwE0Ri5X4xgq7ZPeezmUTQ-Lg/5WEczQTx94gRK_8lw5xGsSU0_2KvuhbV1mCPi3UQxIc),AT7681,https://alhena.molonc.ca/alhena/dashboards/SC-7285,Done,SC-7205 SC-7206,AT7681 A98223B,RPE1 WT p9,RPE1 WT p9,A98224A,,,,,,,,,,,,,,,
RPE-1 cas9 p53 WT-etoposide-20 µM-6d,RPE-1 cas9 p53 WT,11,etoposide,,,Fresh,DMEM+FBS,20 µM,6,,AT9257,https://alhena.molonc.ca/alhena/dashboards/SC-8086,Done,SC-7239 SC-7238,AT9257 A98275B,RPE1 WT  20uM etopside,RPE1 WT  20uM etopside,"A98275B, A98213B",,,,,,,,,,,,,,,
RPE-1 cas9 p53 WT-voreloxin-200 nM-6d,RPE-1 cas9 p53 WT,11,voreloxin,,,Fresh,DMEM+FBS,200 nM,6,A118428B_hdbscan_cell_cn_tree_heatmap_new.png (https://v5.airtableusercontent.com/v1/17/17/1686182400000/GAMpf-j9VVdBYlDqCgjQhw/OakcE9I00VFd7WJ7_xVy1w5dspnkK9HuKJOfRYLyy5NwnLty6hjWkqI-Rk4T8tcDCspL5UrrX3SgaRyg_nZxiSRQZGAEDJQcgsp3YGKXYbeaJ6_w6H9UU_EDpcT3npzMN-dgqKtgGXXhfTxwslyGPg/mxxlCYBzpuh_LUhFNSG83GGGtMQmt8e32uguBpVRvK8),AT9247,https://alhena.molonc.ca/alhena/dashboards/SC-7318,Done,SC-7235  SC-7234,AT9247 A118428B,RPE1 WT 200uM veroloxin,RPE1 WT 200uM veroloxin,A121084B,,,,,,,,,,,,,,,
hTERT p53-/- BRCA2-/- 112.109-CX5461-6.02 nM-+5-14+5-14+5d,hTERT p53-/- BRCA2-/- 112.109,22,CX5461,,,Fresh,MEBM defined media,6.02 nM,-13,,AT12575,https://alhena.molonc.ca/alhena/dashboards/SC-8357,Done,SC-8099 SC-8100,AT12575 A130833B,hTERT p53 KO BRCA2 KO (112.109) CX5461 5/14/5/14/5,hTERT p53 KO BRCA2 KO (112.109) CX5461 5/14/5/14/5,"A130833B, A130838B",,,,,,,,,,,,,,,
hTERT p53-/- BRCA2-/- 112.109-CX5461-6.02 nM-6d,hTERT p53-/- BRCA2-/- 112.109,33,CX5461,,,Fresh,MEBM defined media,6.02 nM,6,A118392A_hdbscan_cell_cn_tree_heatmap_new.png (https://v5.airtableusercontent.com/v1/17/17/1686182400000/kd5qv2V2yCDWV3wZ4dMWWg/KO0GPn1S4ZBqDW0lGquSJi3bMEHocRAhXuw1wEOOZ9bV3jdPzoRPhx0Act8Gz1vDk3LNIV2K62wt7kAHMYxDQaxGJuJ7P5inN3-I4QSagwf6xnxs35tQrnZZ5tIo7SKGfrifpSstq-3T3k5mzwHRGg/CoqDXMLqHJv1Zw4RxqrEh4t85DnQL93mS4VY1ePJtLk),AT9252,https://alhena.molonc.ca/alhena/dashboards/SC-7550,Done,SC-7259 SC-7258,AT9252 A118392A,HTERT p53KO BRCA2 KO (112.109 p 33) 6.02 nM CX5461,HTERT p53KO BRCA2 KO (112.109 p 33) 6.02 nM CX5461,A118385A,,,,,,,,,,,,,,,
hTERT p53-/- BRCA2-/- 112.109-cisplatin-43 nM-8d,hTERT p53-/- BRCA2-/- 112.109,35,cisplatin,,,Fresh,MEBM defined media,43 nM,8,A118386B_hdbscan_cell_cn_tree_heatmap_new.png (https://v5.airtableusercontent.com/v1/17/17/1686182400000/5cg4QBOg-Ne6PwQ6BLMehg/YoltSJuFjTVCYESnguXV2chsHyD_Mn9h4LuJQa1QK14lf5hxquK8TNjfqaFrZ-pIkwTdEUk0Chztzrhst6fEy5U1ffvP27QjtK-apoGMKiHLtYq5H1a4TarOhN2uqW9WRw_3fUKAVoWoPac2JuDMVg/WdW2K4nnXIUIEsncP3Yi34U-vQ86kdr5gcJO0W4N468),AT9256,https://alhena.molonc.ca/alhena/dashboards/SC-7464,Done,SC-7292  SC-7293,AT9256 A118423B A118386B,hTert p53-/- BRCA2-/- 112.109 p35 43.0 nM cisplatin,hTert p53-/- BRCA2-/- 112.109 p35 43.0 nM cisplatin,A118423B,,,,,,,,,,,,,,,
hTERT p53-/- BRCA2-/- 112.109-Untreated--d,hTERT p53-/- BRCA2-/- 112.109,37,Untreated,,,Fresh,MEBM defined media,,,A118413B_hdbscan_cell_cn_tree_heatmap (1).png (https://v5.airtableusercontent.com/v1/17/17/1686182400000/DZ2GY-DMzfvZwiloZoQ1AA/gUrQt_Prrv3aaUJVRfzpGycIAze83Z_5M7ziz9-M4bqTPPjovReIrHSvEK769Gri7QJb1Ga3CDKOFZ9xZesCjgui1lzRiEWIbuM9CXmIqTyoxmAEXbwjFyAtgNKNIKqXWhI1UT2rNmsWqUI93gLE8g/rwai40QGGHmnR3U9Cp4AHQeIoXxDAAux_ylLS7fiJ34),AT10100,https://alhena.molonc.ca/alhena/dashboards/SC-7971 (condition B),Done,SC-7345 SC-7346 ,AT10100,hTERT 112.109,hTERT 112.109,"A118413B, A118344B",,,,,,,,,,,,,,,
hTERT p53-/- BRCA2-/- 112.109-CX5461-6.02 nM-5+19+5d,hTERT p53-/- BRCA2-/- 112.109,42,CX5461,,,Fresh,MEBM defined media,6.02 nM,5+19+5,,,,Done but no DLP,,,,,,,Nanopore/DLP 5/19/5 CX5461 hTERT p53 KO BRCA1/2 KO,AT18353 (83.86) / AT18354 (112.109) ,Nanopore/DLP 5/19/5 CX5461 hTERT p53 KO BRCA1/2 KO,9/9/2022,10/20/2022,,,,,,,,,
hTERT p53-/- BRCA2-/- 112.109-CX5461-6.02 nM-7d,hTERT p53-/- BRCA2-/- 112.109,47,CX5461,,,Fresh,DMEM+FBS,6.02 nM,7,A118361B_hdbscan_cell_cn_tree_heatmap_new.png (https://v5.airtableusercontent.com/v1/17/17/1686182400000/HPPXe9CAJrWmBfezEiT9LA/mQxXERYmC6uQGY1S_ChD20bcBcZHn7f6kd149iR8QrJmzyJVzHIAW50f3a6zW4vUaZlerZTpcfvudaTU01cyb6pAcniQB98jPtL_IQZMj8Kku7Tm28b8ubJGHs-oAAaZY8Hvpl54obx5vKRSm5KqIg/UL64_x8qMRhmczowbJvT9ry7DXtMau2gbySXDaeno0c),AT13876,https://alhena.molonc.ca/alhena/dashboards/SC-7788,Done,SC-7595 SC-7596,AT13876 A118361B,hTERT p53 KO BRCA2 KO CX-5461,hTERT p53 KO BRCA2 KO CX-5461,"A118361B, A118373B",,Nanopore/DLP hTERT p53 KO BRCA2 KO (CX5461) /WT (untreated),AT13876/AT13875,Nanopore/DLP hTERT p53 KO BRCA2 KO (CX5461) /WT (untreated),3/4/2022,3/11/2022,"https://www.bcgsc.ca/jira/browse/SC-7595, https://www.bcgsc.ca/jira/browse/SC-7594, ",,,,,,,,
hTERT p53-/- BRCA2-/- 112.109-Untreated--d,hTERT p53-/- BRCA2-/- 112.109,48,Untreated,,,Fresh,MEBM defined media,,,A95621A_hdbscan_cell_cn_tree_heatmap_new.png (https://v5.airtableusercontent.com/v1/17/17/1686182400000/_2MV9KSNPkMd2-Qntb-n2w/gnDvoXqRcytkc1z2UMn2upmGcgR7-8RiS1pENN4T0sswtn3Vv_QpwI2jnCGnu830tS8R9gaHcWLALfk4B-4mJQY30naCaFqLG_6X76H6lZxih8cR_qzkbC1CKc7NVKCgVTOQNc-OJ0b7dYleWbtIQw/nmiUupbcL8NPAw2DBCbR4Bmix0fOGYD6_XPRHCv4fLE),,https://alhena.molonc.ca/alhena/dashboards?=DLP?analysis=SC-2964,Previously Published,SC-2964,SA1055 A95621A,,,,,,,,,,,,,,,,,,
hTERT p53-/- BRCA2-/- 112.109-Untreated--10d,hTERT p53-/- BRCA2-/- 112.109,50,Untreated,,,Fixed,DMEM+FBS,,10,A118842B_hdbscan_cell_cn_tree_heatmap_new.png (https://v5.airtableusercontent.com/v1/17/17/1686182400000/VS4heTySDPiEeBQIYqokUQ/XD0YYBtJa9CCol-ebi99Zs8uWP6wjbU5vfwJxYv4MsI8dWz9p60-emoDaY-m905bnyFd_vNYe9mONy8nUqZgxlw2eCxpvr3obDaNE_T2XoOgn60LEM1auQomLN2rCt0RnlcU38Ov9ppMMjHiwAYRNg/jxe6NX77nKzfnwdSDjVwoyNqbpT5BXKFy35loNSFFlw),AT16173,https://alhena.molonc.ca/alhena/dashboards/SC-7850,poor quality cells?,SC-7700 SC-7701,AT16173 A118842B,hTERT p53 KO BRCA2 KO Fixed Untreated,hTERT p53 KO BRCA2 KO Fixed Untreated,"A118842B, A118867B",,,,,,,,,,,,,,,
hTERT p53-/- BRCA2-/- 112.109-CX5461-6.02 nM-8d,hTERT p53-/- BRCA2-/- 112.109,53,CX5461,,,Fixed,DMEM+FBS,6.02 nM,8,A118846B_hdbscan_cell_cn_tree_heatmap_new.png (https://v5.airtableusercontent.com/v1/17/17/1686182400000/CRbm4WxI7KeFd5g2iekaSA/yYFVI3PzvrwX4d_gx1FSEDkCTuAszbgIWm42t2ZT4NHi-B_Y7bN07aL2sbIouCBZyVgwZb-M-mDk7wr7SYi0ml68HJ8qYxmdeiYBOZzbllYhiSMMEIsEsretLGXLcLVRr7jCQjk2TZNecQWWtDfv4g/KPb-OUXQZ8RpEDN4WI9paskVADDn4q147tG9889QX3A),AT16177,https://alhena.molonc.ca/alhena/dashboards/SC-7840,poor quality cells?,SC-7721 SC-7722,AT16177 A118846B,hTERT p53 KO  BRCA2 KO Fixed CX5461,hTERT p53 KO  BRCA2 KO Fixed CX5461,"A118846B, A118886B",,,,,,,,,,,,,,,
hTERT p53-/- BRCA2-/- 112.109-SB-124-335 nM-8d,hTERT p53-/- BRCA2-/- 112.109,53,SB-124,,,Fixed,DMEM+FBS,335 nM,8,A98218B_hdbscan_cell_cn_tree_heatmap_new.png (https://v5.airtableusercontent.com/v1/17/17/1686182400000/ajJfn3CSS3J29fDxti__ug/6vzjRFjf90jsaUXdBc7VAaIpUaUm4Kg3HVZKotUlLoWPx0RoTSvNQap0U87hPXpd9qwOjCQYnDaFooU78SVYeAcHDeeI_aJ5UPlUmainX8hKEpULJ8ya77CP4Miz8gLIpKbaPwAvrS2jMSW9YbtDqw/z90OR62poctikqRiWXuiOBrs0S_GNUqYbIJIontLnGE),AT16181,https://alhena.molonc.ca/alhena/dashboards/SC-7877,poor quality cells?,SC-7756 SC-7757,AT16181 A98218B,hTERT p53 KO BRCA2 KO Fixed SB-124,hTERT p53 KO BRCA2 KO Fixed SB-124,"A98218B, A98219B",,,,,,,,,,,,,,,
hTERT p53-/- BRCA2-/- 112.109-Untreated--d,hTERT p53-/- BRCA2-/- 112.109,54,Untreated,,,Fresh,DMEM+FBS,,,A118871B_hdbscan_cell_cn_tree_heatmap_new.png (https://v5.airtableusercontent.com/v1/17/17/1686182400000/_AirW-B_cvUHKc2tg0nQiQ/xeSi7QglzVu8i6dsNE4QiMbFcg4nJrKqyOJ2pplMUQMo4Y9www7eNfIy6uaLYhWtHVfYlGlusH3oNyYWw8rxJicHV21UHz7FArcl9dpfNsh_2CnEcUgqIJVKwYQm2yEzbhnMkic2q4eBt2_3JgiUBw/fOhZO68eEZwVJTy1eC_nH9Kpu---yXQMiimvsUEKNXg),AT17083 ,https://alhena.molonc.ca/alhena/dashboards/SC-7816,Done,SC-7681 SC-7682,AT17083 A118871B ,hTERT p53 KO BRCA2 KO Untreated,hTERT p53 KO BRCA2 KO Untreated,"A118871B, A118874B",,,,,,,,,,,,,,,
hTERT p53-/- BRCA2-/- 112.109-cisplatin-0.306 nM-7d,hTERT p53-/- BRCA2-/- 112.109,56,cisplatin,,,Fresh,DMEM+FBS,0.306 nM,7,A98187B_hdbscan_cell_cn_tree_heatmap_new.png (https://v5.airtableusercontent.com/v1/17/17/1686182400000/VYBzWsHeLtrYO_ihjsJRMQ/KDYp1JsgT9A67K3AmK9J6NJiLZVDn9Tpgq8_OL06Pg-MmdxmGyAh6bAqFTVtvqgvDpeiaxVbCodLq1d0A3OpQieNqym1pCaHkglyUoZL2yh00NKsAeCofz3sjTQnpzPQyAPj440iw4PZM7TAi9_rPA/kNXcryaZ3-NQoebocpKOAM9vBjKlqcbH_5Dta_P6LlE),AT13848 ,https://alhena.molonc.ca/alhena/dashboards/SC-7917,Done,SC-7791 SC-7792 ,AT13848 A98187B,hTERT p53 KO BRCA2 KO p56 Cisplatin,hTERT p53 KO BRCA2 KO p56 Cisplatin,"A98187B, A98307B",,,,,,,,,,,,,,,
hTERT p53-/- BRCA1-/- 83.86-CX5461-2.2 nM-+5-14+5-14+5d,hTERT p53-/- BRCA1-/- 83.86,18,CX5461,,,Fresh,MEBM defined media,2.2 nM,-13,,AT18353,https://alhena.molonc.ca/alhena/dashboards/SC-8355,Done,SC-8097 SC-8098,AT18353  A130833A,hTERT p53 KO BRCA1 KO (83.86) CX5461 5/14/5/14/5,hTERT p53 KO BRCA1 KO (83.86) CX5461 5/14/5/14/5,"A130833A, A130838A",,,,,,,,,,,,,,,
hTERT p53-/- BRCA1-/- 83.86-CX5461-2.2 nM-5+19+5d,hTERT p53-/- BRCA1-/- 83.86,26,CX5461,,,Fresh,MEBM defined media,2.2 nM,5+19+5,,,,Done but no DLP,,,,,,,Nanopore/DLP 5/19/5 CX5461 hTERT p53 KO BRCA1/2 KO,AT18353 (83.86) / AT18354 (112.109) ,Nanopore/DLP 5/19/5 CX5461 hTERT p53 KO BRCA1/2 KO,9/9/2022,10/20/2022,,,,,,,,,
hTERT p53-/- BRCA1-/- 83.86-CX5461-2.2 nM-6d,hTERT p53-/- BRCA1-/- 83.86,33,CX5461,,,Fresh,MEBM defined media,2.2 nM,6,A118367B_hdbscan_cell_cn_tree_heatmap_new.png (https://v5.airtableusercontent.com/v1/17/17/1686182400000/Exu20lf3n_IP627_5CemKQ/oJ5Ce7APlngSRatNFj00Bf021mBdOMwvsji7IuNH5Mwb4JI3TI9ST12dx4DJQ986aogyzw0DS4Vy6KFU1jYP8cMFnmpa7WCbHFU0C7d8XUrFAT_fUP5BmI4dh-dPZ1Enz1Nj-JWAT_-MTdhLKt81qA/g-9M2c34kHsWG6OBI_jT1sGiGjFJeEsEKdn6gQ715xA),,https://alhena.molonc.ca/alhena/dashboards/SC-7322,Done,SC-7257  SC-7256,AT9251 A118367B,,,,,,,,,,,,,,,,,,
hTERT p53-/- BRCA1-/- 83.86-cisplatin-0.306 nM-8d,hTERT p53-/- BRCA1-/- 83.86,35,cisplatin,,,Fresh,MEBM defined media,0.306 nM,8,A118423A_hdbscan_cell_cn_tree_heatmap_new.png (https://v5.airtableusercontent.com/v1/17/17/1686182400000/qaMUvJkq658-8BglaS2wew/mTdZ2fyaI0riaXHzP6UMXbGjIZs6V1tRubpLAu38DcXWbmhD08kep1LegeLanBUxYp0zlvHJAkKjQTgAH1XkCTbPxRZW0EFBI1yuSrmn2wAKP2GhRz6RxNIp1ds3_Ol8Coh9yQj9DP0jUVdbyJTbhA/PFhg6PZla4j7TKTh2ZPiU75uLcrT_h2vAHvfRXFJcZ4),AT9255,https://alhena.molonc.ca/alhena/dashboards/SC-7815,Done, SC-7294 SC-7295,AT9255 A118423A (reseq),hTert p53-/- BRCA1-/- 83.86 p35 0.305 nM cisplatin,hTert p53-/- BRCA1-/- 83.86 p35 0.305 nM cisplatin,A118423A,,,,,,,,,,,,,,,
hTERT p53-/- BRCA1-/- 83.86-Untreated--d,hTERT p53-/- BRCA1-/- 83.86,37,Untreated,,,Fresh,MEBM defined media,,,A118413A_hdbscan_cell_cn_tree_heatmap (1).png (https://v5.airtableusercontent.com/v1/17/17/1686182400000/Y0so8qrlldJCOD-z6KpFuw/q-ojOe3o3gsaEwVwWX_2XBKD0_HqAPAP9SQdnC0vASHeqhpsRf9qFmjF5lFHylPgDdivS9erJfSQOL_b60bNlN4V1t5rgwjXqVNnxMu1sO2IFYsKdCDDcGD808GGdro9xwn7Q1dwR-WZwtgolXBQbA/VNSyLvO3lZlb-qY4YlqeWqeRNjLdz4alTCQFjbuRe3E),A10099,https://alhena.molonc.ca/alhena/dashboards/SC-7971 (condition A),Done,SC-7344 SC-7343,AT10099 A118413A,hTERT 83.86,hTERT 83.86,"A118413A, A118344A",,,,,,,,,,,,,,,
hTERT p53-/- BRCA1-/- 83.86-Untreated--d,hTERT p53-/- BRCA1-/- 83.86,47,Untreated,,,Fresh,MEBM defined media,,,A95632A_hdbscan_cell_cn_tree_heatmap_new.png (https://v5.airtableusercontent.com/v1/17/17/1686182400000/6BUjAmtmCRFDI6RuXEgLyA/JQoC-dMZY644i69YAeWpBI69xwE7GFXrOKK8ggJUnkODtTjrpZRLvxRB_IWKhSTdn4c1hjigIAmVQRSY1AG8H25ZvxNYfdQnbi7LSyBS8d3rpRZeFHv0vkSKoXSANcozFSmTjrAM-VnzFz3UVWRQpQ/qYr1IIYmNCEqTplsFlAE8T4WOhAq94ynWph-po-3wqY),,https://alhena.molonc.ca/alhena/dashboards?=DLP?analysis=SC-2963,Previously Published,SC-613,SA1054 A95632A,,,,,,,,,,,,,,,,,,
hTERT p53-/- BRCA1-/- 83.86-Untreated--10d,hTERT p53-/- BRCA1-/- 83.86,51,Untreated,,,Fixed,DMEM+FBS,,10,A118842A_hdbscan_cell_cn_tree_heatmap_new.png (https://v5.airtableusercontent.com/v1/17/17/1686182400000/_N_OyCpe5tGw49PtAEsy7A/92ieBeLqMZX70uT3OmMFhZNmgZkmUgWWE0KwzswGqmo01qhIGgRDz_U1P_H4R7vSr9-YlkpGtCFRbGE1QJ3aUmxCd0aKTvhsdfMCDljpVYkf-zJaZoINMa4e2ErpTD2bZBEp4dJw4jDCcukwAxITvQ/CrPCSPCPePH3Zg0JfYjAC5NkMg5lpo1211BJY4FntUs),AT16172,https://alhena.molonc.ca/alhena/dashboards/SC-7814,poor quality cells?,SC-7699,AT16172 A118842A,hTERT p53 KO BRCA1 KO Fixed Untreated,hTERT p53 KO BRCA1 KO Fixed Untreated,"A118842A, A118867A",,,,,,,,,,,,,,,
hTERT p53-/- BRCA1-/- 83.86-CX5461-2.2 nM-7d,hTERT p53-/- BRCA1-/- 83.86,54,CX5461,,,Fixed,DMEM+FBS,2.2 nM,7,A118846A_hdbscan_cell_cn_tree_heatmap_new.png (https://v5.airtableusercontent.com/v1/17/17/1686182400000/h8ULhFRBzV9heEqVVCBjXA/dZ6I2vqvlp0KS9tSsc2l09xlj0rw2O_N_z4EgodWGx3sKREE5Rvj1E5uTg0ElYMUcXPI7vCwzxVZwbaf7S1JIQkp0GijrVADcJT-pOYEBJKxrUGwRZ8yOW6GPCAZi6mud5upkFfA7XZxFHMgHvR5XA/VrSPQnjFFOUa32M4AS_AaBkNYrxswyNi2pJt5fyD0Rg),AT16176 ,https://alhena.molonc.ca/alhena/dashboards/SC-7838,poor quality cells?,SC-7719 SC-7720,AT16176 A118846A,hTERT p53 KO  BRCA1 KO Fixed CX5461,hTERT p53 KO  BRCA1 KO Fixed CX5461,"A118846A, A118886A",,,,,,,,,,,,,,,
hTERT p53-/- BRCA1-/- 83.86-SB-124-340 nM-8d,hTERT p53-/- BRCA1-/- 83.86,54,SB-124,,,Fixed,DMEM+FBS,340 nM,8,A98218A_hdbscan_cell_cn_tree_heatmap_new.png (https://v5.airtableusercontent.com/v1/17/17/1686182400000/5ILJGLSAwB5r7oV17xgfBg/JmbkRtMB24MN_fTWaxHZrT2LG4-o1OmFvnfcBSBHVnkgpXDbpY_0FxRmeMg8vycoFUSlpMq5a_PhjuDvvMrw0t2gg5sGhVfF4O36e5zVqycut4G9ixvKCuF3yQowNElkSpZQQiUyFZjh8k96i8ulww/n617Kl7suLWGavxpRAAIu6hLVEM3EQ6Za8lgsNrlc1M),AT16180 ,https://alhena.molonc.ca/alhena/dashboards/SC-7842,poor quality cells?,SC-7754 SC-7755,AT16180 A98218A,hTERT p53 KO BRCA1 KO Fixed SB-124,hTERT p53 KO BRCA1 KO Fixed SB-124,"A98218A, A98219A",,,,,,,,,,,,,,,
hTERT p53-/- BRCA1-/- 83.86-cisplatin-43 nM-7d,hTERT p53-/- BRCA1-/- 83.86,55,cisplatin,,,Fresh,DMEM+FBS,43 nM,7,A98187A_hdbscan_cell_cn_tree_heatmap_new.png (https://v5.airtableusercontent.com/v1/17/17/1686182400000/zi8tza2_VrNe2t0yVf8xng/FOVltogdGPgDAaq7EF9w2YShDchXFVI6RDafKRINvo5oXU4JL_TbRfRe6_5a2jM-9XEP3RzNExhzo2PncLk4WgxjrdaH8PQ2pSyhBcZaSZSwhiTCPk8bZWhvUC1GcCzVEI-XmwR8jnFyvoFXXlfIMg/csoYvJwi8-mKeqG8VRxVyYvlHPQwzuTk-gDWrRSrgE4),AT13847,https://alhena.molonc.ca/alhena/dashboards/SC-7917,Done,SC-7790 SC-7791,AT13847 A98187A,hTERT p53 KO BRCA1 KO p55 Cisplatin,hTERT p53 KO BRCA1 KO p55 Cisplatin,"A98187A, A98307A",,,,,,,,,,,,,,,
hTERT p53-/- BRCA1-/- 83.86-Untreated--d,hTERT p53-/- BRCA1-/- 83.86,55,Untreated,,,Fresh,DMEM+FBS,,,A118871A_hdbscan_cell_cn_tree_heatmap_new.png (https://v5.airtableusercontent.com/v1/17/17/1686182400000/MLmTFkHK2Ai8wRsL11g7Hg/Ju4U7WDkFiUnX6XbVPS5VzO1KVECwx09iGNHoNkPb3_DyEQaHRVJ75flipbN9E9qqaInRaDs1JsaMB-oew5t0v2yzblP1d9D0A_s1cFUZxgqBZ-aIhXjoIEjAiv0WnrFgnOGQg3llyVzC5BNQ_v4kw/hqKnqul6tq_xc9wRVHPFcTxqshHLE7dvwWxzF2U9BkE),AT17082 ,https://alhena.molonc.ca/alhena/dashboards/SC-7812,Done,SC-7679 SC-7680,AT17082 A118871A,hTERT p53 KO BRCA1 KO Untreated,hTERT p53 KO BRCA1 KO Untreated,"A118871A, A118874A",,,,,,,,,,,,,,,
hTERT p53-/- 95.22-Untreated--d,hTERT p53-/- 95.22,20b,Untreated,,,Fresh,MEBM defined media,,,,,https://alhena.molonc.ca/alhena/dashboards/SC-7999,Previously Published,SC-1004,SA906 A96215A,,,,,,,,,,,,,,,,,,
hTERT p53-/- 95.22-CX5461-703 nM-5+19+5d,hTERT p53-/- 95.22,22b,CX5461,,,Fresh,MEBM defined media,703 nM,5+19+5,,,,Done but no DLP,,,,,,,Nanopore/DLP 5/19/5 CX5461 hTERT WT/p53 KO,AT18351 (WT) / AT18352 (95.22) ,Nanopore/DLP 5/19/5 CX5461 hTERT WT/p53 KO,9/9/2022,10/19/2022,,,,,,,,,
hTERT p53-/- 95.22-Untreated--d,hTERT p53-/- 95.22,30b,Untreated,,,Fresh,MEBM defined media,,,A96211C_hdbscan_cell_cn_tree_heatmap_new.png (https://v5.airtableusercontent.com/v1/17/17/1686182400000/arbYsFQkmbS3yhJDjr9PWg/2D1dAAKSrIIjzjCO4rwLBHvdK7kQM8Hw0ZdnDuLZZWSl1ebdkLWUvfF_hO1taCou2iLRJN1ZN3BTEkJAk6rl_e65FWeepu2CbKoJg18nWrZBckE7_0fWTgfhm7kz5rLDYbGe-x7V9G87L9kP3VASBQ/c5NqyZ2pSq57cIijod-awNjnhLtUBbYkvZ8tWE2rz0o),,https://alhena.molonc.ca/alhena/dashboards/SC-2610,Previously Published,SC-2610,SA906 A96211C,,,,,,,,,,,,,,,,,,
hTERT p53-/- 95.22-CX5461-703 nM-5d,hTERT p53-/- 95.22,33,CX5461,,,Fresh,MEBM defined media,703 nM,5,A118367A_hdbscan_cell_cn_tree_heatmap_new.png (https://v5.airtableusercontent.com/v1/17/17/1686182400000/9dgcc-XSUdD7JD59I6BfsA/KXUvdDRJkW_gf0M2qIKzFIORZj7i8xRvu3ghjgiuB_PGdssfOdL7jba_OtUco5JMDR746Oj04vm5stTwNP5AZ2xkJFGriLoHepCuhhD-iAzVb4MnPuU0RU8VuwnR1aE0Hql7DA5z7nZEv1vo0bRx0g/u3B2uB-5sJ-Flx8B5Ne4eJ46CXfu7JkcqNxUqE08uQU),AT9250,https://alhena.molonc.ca/alhena/dashboards/SC-7321,Done,SC-7254  SC-7255,AT9250 A118367A,p53 KO (95.22 p33) 703nM CX5461,p53 KO (95.22 p33) 703nM CX5461,A118380A,,,,,,,,,,,,,,,
hTERT p53-/- 95.22-cisplatin-410 nM-7d,hTERT p53-/- 95.22,35,cisplatin,,,Fresh,MEBM defined media,410 nM,7,,,https://alhena.molonc.ca/alhena/dashboards/SC-7468,In progress,SC-7269 SC-7270,AT9254 A118397B,,,,,,,,,,,,,,,,,,
hTERT p53-/- 95.22-cisplatin-410 nM-d,hTERT p53-/- 95.22,35,cisplatin,,,Fresh,MEBM defined media,410 nM,,A118338A_hdbscan_cell_cn_tree_heatmap_new.png (https://v5.airtableusercontent.com/v1/17/17/1686182400000/npT5PyZiYstV27aJDTLslw/Xl6SjVcwvqajAlJ3_rWhH3xuEsPzhYBg6TAWOdcSN76dkha7hxoT6xAd1DGVl0PhFtgtPtyxtvNbu5w0o4-hHhYJu2wp_WDhx_2anqmJXkCrJ5oIqMm27AkIsLhxAzkav-5ay3r0EQAZBbtG6v2OPA/nq0MBmqzfFN6-5LRHfVxXRfYFKuSuCUewU4nXKvU0_Y),AT10214,https://alhena.molonc.ca/alhena/dashboards/SC-7841,Done,SC-7331 SC-7332,AT10214 A118338A,hTERT 95.22 410nM Cisplatin,hTERT 95.22 410nM Cisplatin,A118338A,,,,,,,,,,,,,,,
hTERT p53-/- 95.22-CX5461-703 nM-d,hTERT p53-/- 95.22,35,CX5461,,,Fresh,MEBM defined media,703 nM,,A118345A_hdbscan_cell_cn_tree_heatmap.png (https://v5.airtableusercontent.com/v1/17/17/1686182400000/0YTKFEXHdT4Ylhm-T7-CdQ/JcDyJDIMTxtkH9QiF0eIBoEY4iemUdAfyeVVUpXqDFoIEc703YNbkqoJANkYO08d4jqIiRpI8RLOdvypTLi6OMeDwW1QTr147nZa6siSmZHZL9LLIEZfXkFspcFJPY8aK--8ASGoTpONFvomXY1euw/F0UYj_wHFH-sqkfQR3DL-o0sr2--9kQFl3L2zNxs09I),AT10216,https://alhena.molonc.ca/alhena/dashboards/SC-7975,Done,SC-7335 ,AT10216 A118345A,hTERT 95.22 703nM CX-5461,hTERT 95.22 703nM CX-5461,A118345A,,,,,,,,,,,,,,,
hTERT p53-/- 95.22-CX5461-703 nM-+5-14+5-14+5d,hTERT p53-/- 95.22,37,CX5461,,,Fresh,MEBM defined media,703 nM,-13,,AT18352 ,https://alhena.molonc.ca/alhena/dashboards/SC-8353,Done,SC-8094 SC-8095,AT18352 A130829B,hTERT p53 KO (95.22) CX5461 5/14/5/14/5,hTERT p53 KO (95.22) CX5461 5/14/5/14/5,"A130829B, A130850B",,,,,,,,,,,,,,,
hTERT p53-/- 95.22-Untreated--d,hTERT p53-/- 95.22,37,Untreated,,,Fresh,MEBM defined media,,,A118388B_hdbscan_cell_cn_tree_heatmap_new.png (https://v5.airtableusercontent.com/v1/17/17/1686182400000/eZi3UfTK9FUIxfb-3_7zIg/Xma3zfGIPsKHhdH-h2vNngbMb6fXZwaJBfRgE2p0Ibikb5yrVrXjXEVwAAcJ8XcW1GNOLCupQA08nGKAkYUM_IDehnvYDF9fjL_amoxJ_zdA1CzzF-zKuUIdsUIpjxY2EOQIlK2xBdcTPF1juD4QJw/QQcjxH-hGsYLeZHQ28fz8Y87sPvTUL7uJ_vRf6YLqow),AT10098,https://alhena.molonc.ca/alhena/dashboards/SC-7758,Done,SC-7341 SC-7342,AT10098 A118388B,hTERT 95.22,hTERT 95.22,"A118388B, A118334B",,,,,,,,,,,,,,,
hTERT p53-/- 95.22-CX5461-703 nM-6d,hTERT p53-/- 95.22,51a,CX5461,,,Fresh,DMEM+FBS,703 nM,6,A118363B_hdbscan_cell_cn_tree_heatmap_new.png (https://v5.airtableusercontent.com/v1/17/17/1686182400000/r1uikoXEdHqH1emYUvTftA/H-bRh2fsn5xojkz6uHLD08csi7VM4kXvC4eHsaAh-W3FIRCWQCxHDO_K1RwMt4_TTODbOAwnuvEqUy9avNOj1ivMizooc--t4Dq2aqHs-quP-_cR8mPMkqlN6kvZa-aWrkpMDuXdlZ1Mbawo2Vah2Q/608EiYqWGcPg-vdx5_xCJePkD9MrDHInH5mwzxTDx_4),AT13874,https://alhena.molonc.ca/alhena/dashboards/SC-7794,Done,SC-7592 SC-7593,AT13874 A118363B,hTERT p53 KO CX-5461,hTERT p53 KO CX-5461,"A118363B, A118370B",https://www.bcgsc.ca/jira/browse/SC-7592,Nanopore/DLP CX-5461 hTERT WT/p53 KO,AT13873/AT13874,Nanopore/DLP CX-5461 hTERT WT/p53 KO,3/4/2022,3/10/2022,"https://www.bcgsc.ca/jira/browse/SC-7590, https://www.bcgsc.ca/jira/browse/SC-7592",,,,,,,,
hTERT p53-/- 95.22-Untreated--10d,hTERT p53-/- 95.22,55b,Untreated,,,Fixed,DMEM+FBS,,10,,AT16171,,Todo,SC-7694 SC-7695,AT16171 A118868B ,hTERT p53 KO Fixed Untreated,hTERT p53 KO Fixed Untreated,"A118881B, A118868B",,DLP untreated hTERT WT/p53 KO fixed,AT16170 WT; AT16171 p53 KO,DLP untreated hTERT WT/p53 KO fixed,,5/10/2022,https://www.bcgsc.ca/jira/browse/SC-4264,,,,,,,,
hTERT p53-/- 95.22-CX5461-703 nM-8d,hTERT p53-/- 95.22,58b,CX5461,,,Fixed,DMEM+FBS,703 nM,8,,AT16175,https://alhena.molonc.ca/alhena/dashboards/SC-7909,poor quality cells?,SC-7713 SC-7714 ,AT16175 A118850B,hTERT p53 KO Fixed CX5461,hTERT p53 KO Fixed CX5461,"A118850B, A118863B",,,,,,,,,,,,,,,
hTERT p53-/- 95.22-SB-124-3.2 µM-8d,hTERT p53-/- 95.22,58b,SB-124,,,Fixed,DMEM+FBS,3.2 µM,8,,AT16179,https://alhena.molonc.ca/alhena/dashboards/SC-7886,poor quality cells?,SC-7747 SC-7748,AT16179 A118875B,hTERT p53 KO Fixed SB-124,hTERT p53 KO Fixed SB-124,"A118875B, A118885B",,,,,,,,,,,,,,,
hTERT p53-/- 95.22-Untreated--d,hTERT p53-/- 95.22,58b,Untreated,,,Fresh,DMEM+FBS,,,A108875B_hdbscan_cell_cn_tree_heatmap_new.png (https://v5.airtableusercontent.com/v1/17/17/1686182400000/gp03cmVz45thvRutXxhmeA/ccnT8h9h35WwGY5SOntBHiSR2_rifq3eUL6YI1Fxdn34bneXBRTqyYp3xvUAwxLHg3xvj-61VycaVMDfYpS6gmmzz4l3po7sKwR4bPPrSmeRet-IrHjmWhnVFJ93f197hHSp6c3qsN_SJpXFmS38nQ/3Sw4Ora9lJYsScKhjxebAKMz6gAsx81Oo4t7Hb1KTT8),AT17081,https://alhena.molonc.ca/alhena/dashboards/SC-7798,Done,SC-7685 SC-7686,AT17081 A108875B,hTERT p53 KO Untreated,hTERT p53 KO Untreated,"A108875B, A118841B",,,,,,,,,,,,,,,
hTERT p53-/- 95.22-cisplatin-410 nM-5d,hTERT p53-/- 95.22,62b,cisplatin,,,Fresh,DMEM+FBS,410 nM,5,A98308B_hdbscan_cell_cn_tree_heatmap_new.png (https://v5.airtableusercontent.com/v1/17/17/1686182400000/PrXTtNbAFAcJIgD-XqbsSw/1UWaqfafcASkksBfn-3truHCOPQFLGmuu4sTVP5rO3BW7eUilR1S55q7mfo8xkspicq_jNFsFNQLgeQgmaFlN1WTOhS3qKmrDKjNo-dtmhfD0kx_oqjsKsgbxDgk8-KQ0tOke4ruAXjNbJDfYKR2rw/1kQo51PMj9HV8AlxrQH0_WFmSoys4J83Yk1x21zXWak),AT13846,https://alhena.molonc.ca/alhena/dashboards/SC-7889,Done,SC-7785 SC-7786,AT13846 A98308B ,hTERT p53 KO p62b Cisplatin,hTERT p53 KO p62b Cisplatin,"A98308B, A98309B",,,,,,,,,,,,,,,
184-hTERT-L9 (WT) -Untreated--d,184-hTERT-L9 (WT) ,25,Untreated,,,Fresh,MEBM defined media,,,A73044B_hdbscan_cell_cn_tree_heatmap_new.png (https://v5.airtableusercontent.com/v1/17/17/1686182400000/EjUeZWTDmgw90pxZ9TpPfA/UKQI6yjH6ifRnyATz7E5xk3J5_Zdey5YbSN_OEaa55uEFctYNBatst5NkJXgsmkTfF84M15G4YgXxVRR1U3B5RrrgulhY6XfRfcmnNTAVnXoWtVy_BG1W63lmvtslp_uK5Jt0RFJ8Ueoc4WQq7f82Q/xY4vk5K7Vrl_WiQHJRlmsAwKch8gReC5vTM7nH8jF3k),,https://alhena.molonc.ca/alhena/dashboards?=DLP?analysis=SC-3439,Previously Published,SC-561,SA039 A73044B,,,,,,,,,,,,,,,,,,
184-hTERT-L9 (WT) -CX5461-990 nM-5d,184-hTERT-L9 (WT) ,39,CX5461,,,Fresh,MEBM defined media,990 nM,5,,,,Indexing failed,SC-7252 SC-7253,AT9249 A118407B,,,,,,,,,,,,,,,,,,
184-hTERT-L9 (WT) -cisplatin-470 nM-7d,184-hTERT-L9 (WT) ,41,cisplatin,,,Fresh,MEBM defined media,470 nM,7,A118348B_hdbscan_cell_cn_tree_heatmap.png (https://v5.airtableusercontent.com/v1/17/17/1686182400000/xf75qGeE3rM1oddIeoe00Q/y_rJLCPARUDq-2k-_8EZJCDdpOqr7lObs08KtThVyRtZbxiJqNinOTOw_9p54E1oZoUVZcr7t1nEuUmAUEF_7ydag05AZPum-C3muWYIGLFRzO2r3Jo5XFkqtAsqV3eyZDuCJAzGiV22IJC5YfJahA/XsPf_X9p8q1CU0fzBmYYvikFgjyUUfNzoRuU1ELVde0),AT10213,https://alhena.molonc.ca/alhena/dashboards/SC-8069,Done,SC-7329 SC-7330,AT10213 A118348B,hTERT WT 470nM Cisplatin,hTERT WT 470nM Cisplatin,"A118348B, A118356B",,,,,,,,,,,,,,,
184-hTERT-L9 (WT) -cisplatin-470 nM-7d,184-hTERT-L9 (WT) ,41,cisplatin,,,Fresh,MEBM defined media,470 nM,7,A118397A_hdbscan_cell_cn_tree_heatmap_new.png (https://v5.airtableusercontent.com/v1/17/17/1686182400000/Ijx_4ARw9TBmm81Efuhh3w/WMS4r703sZPBvLMG-H_NQ6OPOXAS8m9_srFWY5dMJp9ABNqQP7yCTR_Rw-nJi4fKmMeDQ0XNcyz2ILBPxglo0zWLEgiaq94RkmmNvQVtk19AkSTo5QzbIyZmy-esGllhBKe9Mk4MXLY92ISnwhcRcw/AtalM0iGQiLQ4Q-zaxRMWezHv4X1nG-bRF795A-8SjU),AT9253,https://alhena.molonc.ca/alhena/dashboards/SC-7759,Done,SC-7267 SC-7268,AT9253 A118397A,hTert WT p41 470 nM cisplatin / 7 days,hTert WT p41 470 nM cisplatin / 7 days,A118397A,,,,,,,,,,,,,,,
184-hTERT-L9 (WT) -CX5461-990 nM-5+19+5d,184-hTERT-L9 (WT) ,41,CX5461,,,Fresh,MEBM defined media,990 nM,5+19+5,,,,Done but no DLP,,,,,,,Nanopore/DLP 5/19/5 CX5461 hTERT WT/p53 KO,AT18351 (WT) / AT18352 (95.22) ,Nanopore/DLP 5/19/5 CX5461 hTERT WT/p53 KO,9/9/2022,10/19/2022,,,,,,,,,
184-hTERT-L9 (WT) -CX5461-990 nM-8d,184-hTERT-L9 (WT) ,42,CX5461,,,Fresh,MEBM defined media,990 nM,8,A118338B_hdbscan_cell_cn_tree_heatmap_new.png (https://v5.airtableusercontent.com/v1/17/17/1686182400000/vtWFyRP01WZCnim5Mz9fWQ/Tvs9hKuNw4oko_XbIDeCxGBlLgaIvs3SNkYRZAVoSqbVx7vi6QsHlQmiGlImvcfjpmyfPp13rVEt8CqOHWuhxejiiCZaUYkHetGsqWwJtknDy0JyxjNb06PfkLB7Ij4s8xn-BB4T6dhDYCvVhWAxRg/dKjqismBnmIVybLpF_4kVzVzi0fUPmR49Sj5Ocev4HI),AT10215,https://alhena.molonc.ca/alhena/dashboards/SC-7805,Done,SC-7430 SC-7431,AT10215 A118338B,hTERT WT 990nm CX-5461,hTERT WT 990nm CX-5461,A118338B,,,,,,,,,,,,,,,
184-hTERT-L9 (WT) -CX5461-990 nM-6d,184-hTERT-L9 (WT) ,43,CX5461,,,Fresh,MEBM defined media,990 nM,6,,AT20061,https://alhena.molonc.ca/alhena/dashboards/SC-8497,Done,SC-8168 SC-8167,AT20061 A130851B,hTERT Wt 990nM CX-5461 Multimodal Dataset 1 - 6 days,hTERT Wt 990nM CX-5461 Multimodal Dataset 1 - 6 days,"A130851B, A130945B",,,,,,,,,,,,,,,
184-hTERT-L9 (WT) -CX5461-990 nM-7d,184-hTERT-L9 (WT) ,43,CX5461,,,Fresh,MEBM defined media,990 nM,7,,AT20067,https://alhena.molonc.ca/alhena/dashboards/SC-8501,Done,SC-8177 SC-8176,AT20067 A130855B,hTERT Wt 990nM CX-5461 Multimodal Dataset 1 - 7 days,hTERT Wt 990nM CX-5461 Multimodal Dataset 1 - 7 days,"A130844B, A130855B",,,,,,,,,,,,,,,
184-hTERT-L9 (WT) -Untreated--6d,184-hTERT-L9 (WT) ,43,Untreated,,,Fresh,MEBM defined media,,6,,AT20060,https://alhena.molonc.ca/alhena/dashboards/SC-8525,Done,SC-8165 SC-8166,AT20060 A130851A,hTERT Wt Untreated Multimodal Dataset 1 - 6 days,hTERT Wt Untreated Multimodal Dataset 1 - 6 days,"A130851A, A130945A",,,,,,,,,,,,,,,
184-hTERT-L9 (WT) -Untreated--7d,184-hTERT-L9 (WT) ,43,Untreated,,,Fresh,MEBM defined media,,7,,AT20066,https://alhena.molonc.ca/alhena/dashboards/SC-8499,Done,"SC-8175 SC-8174
",AT20066 A130855A,hTERT Wt Untreated Multimodal Dataset 1 - 7 days,hTERT Wt Untreated Multimodal Dataset 1 - 7 days,"A130844A, A130855A",,,,,,,,,,,,,,,
184-hTERT-L9 (WT) -Untreated--d,184-hTERT-L9 (WT) ,43,Untreated,,,Fresh,MEBM defined media,,,,,,NOT DONE,,AT10097,,,,,,,,,,,,,,,,,,
184-hTERT-L9 (WT) -CX5461-990 nM-+5-14+5-14+5d,184-hTERT-L9 (WT) ,45,CX5461,,,Fresh,MEBM defined media,990 nM,-13,,AT18351,https://alhena.molonc.ca/alhena/dashboards/SC-8350,Done,SC-8091 SC-8092,AT18351 A130829A,hTERT Wt CX5461 5/14/5/14/5,hTERT Wt CX5461 5/14/5/14/5,"A130829A, A130850A",,,,,,,,,,,,,,,
184-hTERT-L9 (WT) -CX5461-990 nM-6d,184-hTERT-L9 (WT) ,47,CX5461,,,Fresh,DMEM+FBS,990 nM,6,A118363A_hdbscan_cell_cn_tree_heatmap_new.png (https://v5.airtableusercontent.com/v1/17/17/1686182400000/eHZL572LgwbDdUMg-lUCKw/MhPavOPczvTrwrhASvsG3Fbshq1xIEP7U7wyVbCmDTBy38DiWAmk_ffFk9gmR5t0ZvflqNpd2A21QJrdxIqD0sIZGVvelsn3Hw73fptt9XRjpGk3aTzUE8VAGQVKXhanVtVb_iSz7fwk7LmJsmNLFg/dYJY6IJsAC9kyCgNZNScvZf9-uF5J5-Ik6AzQOvsH-g),AT13873,https://alhena.molonc.ca/alhena/dashboards/SC-7789,Done,SC-7590 SC-7591,AT13873 A118363A,hTERT WT CX-5461,hTERT WT CX-5461,"A118363A, A118370A",https://www.bcgsc.ca/jira/browse/SC-7590,Nanopore/DLP CX-5461 hTERT WT/p53 KO,AT13873/AT13874,Nanopore/DLP CX-5461 hTERT WT/p53 KO,3/4/2022,3/10/2022,"https://www.bcgsc.ca/jira/browse/SC-7590, https://www.bcgsc.ca/jira/browse/SC-7592",,,,,,,,
184-hTERT-L9 (WT) -Untreated--7d,184-hTERT-L9 (WT) ,47,Untreated,,,Fresh,DMEM+FBS,,7,A118361A_hdbscan_cell_cn_tree_heatmap_new.png (https://v5.airtableusercontent.com/v1/17/17/1686182400000/pvYY8VVc6FZdgNoZMe6sTg/sgS78lj3c_FuRDn9kmr6GX6ch2yym0h2F_nidzlH683B4D-nxypG_3pG9Oa1eooN8BE4h1xaixVd83PUymLlxkfM0diH2SyKJszsp-1KhZHB3MAi7TWaxgCFKVGEeKEEcMC7tw8KIDjKzUWxAsUEPQ/_k9cKB1iq2i18m70cgRNieC6D_coEJk4uW3WodYmlJM),AT13875,https://alhena.molonc.ca/alhena/dashboards/SC-7787,Done,SC-7594,AT13875 A118361A,hTERT WT UNTREATED,hTERT WT UNTREATED,"A118361A, A118373A",,Nanopore/DLP hTERT p53 KO BRCA2 KO (CX5461) /WT (untreated),AT13876/AT13875,Nanopore/DLP hTERT p53 KO BRCA2 KO (CX5461) /WT (untreated),3/4/2022,3/11/2022,"https://www.bcgsc.ca/jira/browse/SC-7595, https://www.bcgsc.ca/jira/browse/SC-7594, ",,,,,,,,
184-hTERT-L9 (WT) -Untreated--d,184-hTERT-L9 (WT) ,51,Untreated,,,Fresh,MEBM defined media,,,"SA039 (1).png (https://v5.airtableusercontent.com/v1/17/17/1686182400000/RKWstvAnOWuuqmUEDzUjvg/EB0iSSdXS77CQx0WBCgt79sRayTx9Nk_Ouwn9T9gYiE2ZA0xnHIyptb5ZN0BLJnOLqXVRoo49ajttbAXIPynm0ngIUt5JW9rhNaVOn-MBC0/r8K9lFTnfNq5PVIKNKEKi8sCt5SFZac3i7Mib6JKeos),image.png (https://v5.airtableusercontent.com/v1/17/17/1686182400000/gkaKwMo9pXWbs_Yufr6eKg/RLXJVXvrnTkx3rjT7diD_T-2eFLMywNpb5fK_ng9wkhBilvBxhey9nNLJbwwilviAgeFLP1-JeKyxyFeWRjGT4Dp_gtpn-M4ASygfz_1-Xg/CVzpnh7ZGbx6Yw2SRiaNl4lLZsh-ridpsZJW_Mf0N00)",,https://alhena.molonc.ca/alhena/dashboards/SC-2619,Previously Published,SC-2619,SA039 A73047D,,,,,,,,,,,,,,,,,,
184-hTERT-L9 (WT) -Untreated--10d,184-hTERT-L9 (WT) ,53,Untreated,,,Fixed,DMEM+FBS,,10,A118868A_hdbscan_cell_cn_tree_heatmap_new.png (https://v5.airtableusercontent.com/v1/17/17/1686182400000/pvIbJm6Obpn06H_tlNIjgw/A1vqDJrubQn4NYYNmNK1FAyViceBaS6K7XVSQreKWebAS8traf_fS2eLgjc5bFkd8Ca9cgrBwe-_OTLoJ87ah29ubcZoBROsQ1gsNzKSypWC52rlcTbBKjdASejZmITmL1XMUttEahq9vnsBgmdK4Q/WLmnyNsqcRcnfeA09e7zs6mWO3FqGJ7ONfo4CEbOQ3k),AT16170,https://alhena.molonc.ca/alhena/dashboards/SC-7811,poor quality cells?,SC-7692 SC-7693,AT16170 A118868A,hTERT WT Fixed Untreated,hTERT WT Fixed Untreated,"A118881A, A118868A",,DLP untreated hTERT WT/p53 KO fixed,AT16170 WT; AT16171 p53 KO,DLP untreated hTERT WT/p53 KO fixed,,5/10/2022,https://www.bcgsc.ca/jira/browse/SC-4264,,,,,,,,
184-hTERT-L9 (WT) -CX5461-990 nM-8d,184-hTERT-L9 (WT) ,57,CX5461,,,Fixed,DMEM+FBS,990 nM,8,A118850A_hdbscan_cell_cn_tree_heatmap_new.png (https://v5.airtableusercontent.com/v1/17/17/1686182400000/nXjDFTwApJS9zaWyZzHH1A/pxN6jWjKRbAYeRGSj7Sq7jJ3RrU4XwWeeIX16ZmD2qUyV-3brYAyz6HwQhogp5LlY4fEoXNZLEEfSCD4jxjRI58B3RifIY5tBlGjxSjEEIOWeXdytZ5As9TlAhkUb_NhHl1nKmmETgZ9pBcxZmZ7ZA/qC50L74chsAA24OObydibLtS9U_B6T8vw8ELhOdgTQU),AT16174,https://alhena.molonc.ca/alhena/dashboards/SC-7837,poor quality cells?,SC-7711 SC-7712,AT16174 A118850A,hTERT WT Fixed CX5461,hTERT WT Fixed CX5461,"A118850A, A118863A",,DLP CX5461 hTERT WT/p53 KO fixed,AT16174 WT; AT16175 p53 KO,DLP CX5461 hTERT WT/p53 KO fixed,4/14/2022,4/22/2022,https://www.bcgsc.ca/jira/browse/SC-4264,,WT: AT16174; 95.22: AT16175,,,,,,
184-hTERT-L9 (WT) -SB-124-4 µM-8d,184-hTERT-L9 (WT) ,57,SB-124,,,Fixed,DMEM+FBS,4 µM,8,A118875A_hdbscan_cell_cn_tree_heatmap_new.png (https://v5.airtableusercontent.com/v1/17/17/1686182400000/j2qcZBy9vmMsHvdEWpypCQ/VLZcXRTaoP-IjlkO95ogu3VD5r3AUqW6dr2idVx-ACezYSMg_gC167e12tU8vifcCfiuKFp-Uy-VSxJj2MYKV6Vt-7rOAFN9KPugB3WvW_WvslGR1nL6VDIMtDBBAkTZlKYvwqizkoMg03bdAgFzjg/QcXh-deBaL44rWrge-82M5KIpH9TD186ha4X4A7Wy6Q),AT16178,https://alhena.molonc.ca/alhena/dashboards/SC-7885,poor quality cells?,SC-7746 SC-7749 ,AT16178 A118875A,hTERT Wt Fixed SB-124,hTERT Wt Fixed SB-124,"A118875A, A118885A",,,,,,,,,,,,,,,
184-hTERT-L9 (WT) -Untreated--d,184-hTERT-L9 (WT) ,58,Untreated,,,Fresh,DMEM+FBS,,,A108875A_hdbscan_cell_cn_tree_heatmap_new.png (https://v5.airtableusercontent.com/v1/17/17/1686182400000/0s7VpUWarUiqAxuZTqDHGw/Zn32radba2g37abMNnY95jrN8b2MlA89k7bQceeW447drA2KMdfLe_B5Fv4Qj7NSJK3wxnNmnfx2cpacSEouYUIh7tJty4PPHcQp3Jfz8aIApS4gc7VpAQexnJtlEMiKrA5TLo-ZFsZw8bxwzGvVHw/OoeB84A1oeUOnvENSMwt4ZyN3N_q5d04C5riRQXYNP4),AT17080,https://alhena.molonc.ca/alhena/dashboards?=DLP?analysis=SC-7803,Done,SC-7683 SC-7684,AT17080 A108875A,hTERT WT Untreated,hTERT WT Untreated,"A108875A, A118841A",,,,,,,,,,,,,,,
184-hTERT-L9 (WT) -cisplatin-470 nM-5d,184-hTERT-L9 (WT) ,61,cisplatin,,,Fresh,DMEM+FBS,470 nM,5,A98308A_hdbscan_cell_cn_tree_heatmap_new.png (https://v5.airtableusercontent.com/v1/17/17/1686182400000/i7xbYA85RWH2RNzg6cK3Xg/i1qJvPeSykfMtD4ZT58x9Y1mHP6-Y-oOs9E99WkaMG5hfLJiHbaWYjU021cjX7azcowLjsJh9my5ERVpCHgt9rSqt5S93b4HZpwGlpdMgMEJ06Y2SPfnWz5-WhgXglpY-tuHwEbfyDisJK2aj7BNNQ/x2Q1ucy8KGf4OZ6OZhuiXeRP7PsyTwVNvbctm7ekSIM),AT13845 ,https://alhena.molonc.ca/alhena/dashboards/SC-7848,Done,SC-7783 SC-7784,AT13845 A98308A,hTERT Wt p61 Cisplatin,hTERT Wt p61 Cisplatin,"A98308A, A98309A",,,,,,,,,,,,,,,
HEK293-AURKBi ZM447439-10-7 M-6d,HEK293,12,AURKBi ZM447439,,,Fresh,DMEM+FBS,10-7 M,6,A110646B_hdbscan_cell_cn_tree_heatmap_new.png (https://v5.airtableusercontent.com/v1/17/17/1686182400000/uWcZWLXO9Ql97DHuEYu4xw/LvMbdSbo4AOuCeqNKLdlyk_NXL6Q9Zy1sUmrE6LtAxXeRDcgoJalkMoPE0zqycP5jebiTtncaxQibaHRzGrIu2O5TYXnbIat_Yw1PPzvkwt0SpU4aZmppoMQqf429CbEHty_qoKGBuSXVORBNvKoCw/c0KzvyxiggjzILPhkQHogBwS6SlBBZIkdl7POtxGmp0),,https://alhena.molonc.ca/alhena/dashboards?=DLP?analysis=SC-4337,Done,SC-4279 SC-4280,AT1 A110646B,,,,,,,,,,,,,,,,,,
HEK293-Untreated--d,HEK293,12,Untreated,,,Fresh,DMEM+FBS,,,A110616A_hdbscan_cell_cn_tree_heatmap_new.png (https://v5.airtableusercontent.com/v1/17/17/1686182400000/UL_irHuabtxRTBaMxYsU1A/O63D_W0DdpLAKlzAHgd0-LfhtORKA_sbCMXcK78BZVStCcFt8jwJBTIRJob7oCoDBE2k74EIynmOfyMTsqTWrrd9DzxmX7tvOK9JK7gfatdvc0TJ-E2R0q4L4RaHHdEI0fCG4xCgCtu6B1Y2XbVCQg/alDwQ4ZMxPittxU_DTC40iVe_bMF825GqWIoFo5ck_E),,https://alhena.molonc.ca/alhena/dashboards?=DLP?analysis=SC-4334,Done,SC-4277 SC-4278,AT3 A110616A,,,,,,,,,,,,,,,,,,
HEK293-voreloxin-50 nM-6d,HEK293,12,voreloxin,,,Fresh,DMEM+FBS,50 nM,6,A118825A_hdbscan_cell_cn_tree_heatmap_new.png (https://v5.airtableusercontent.com/v1/17/17/1686182400000/Ur8Isudh9uJhwdeqQU-TDg/-Tz1YV8la8khAGfZD63FkW14njvsFY26fMUkCav-cPA-l0c22qG06jbrKmijthWjutrwYV244WhX0pugei4l03Vrf3y-cVIyZvdblo6kRQgoxPmshpgcOXdE7_kYERd_O12Z9MujNvhoeC4mCR_B9g/CP6WLzG_CIESKzjt4nr8ZZBvKN36ah9f_-9xkQhwMBI),,https://alhena.molonc.ca/alhena/dashboards/SC-4349,Done,SC-4274 SC-4275,AT2 A118825A,,,,,,,,,,,,,,,,,,
HEK293-CX5461-50 nM-7d,HEK293,13,CX5461,,,Fresh,DMEM+FBS,50 nM,7,A118825B_hdbscan_cell_cn_tree_heatmap_new.png (https://v5.airtableusercontent.com/v1/17/17/1686182400000/MsBBF2U5gEu6lzyrds1r4w/mgtNmJ3gbl-KxbjMVYAP4d3RKE48X2nz_niBS21cyByphnIMKEjbJJMS2K663JrUyJeKzgrKsvMQfsBrmiF5J2OTw_nILjKP4PNh33STaOyxVSr5JCtowG1yduTpiQTeTDaDwOLkc8blLLXw-SIsHw/ID3QbYb18lmTGnejXelz1Rfe1ktk57g_bNiiusrKwtk),,"https://alhena.molonc.ca/alhena/dashboards/SC-4370
https://alhena.molonc.ca/alhena/dashboards/SC-7127",Done,SC-4272 SC-4273,AT4 A118825B,,,,,,,,,,,,,,,,,,
HEK293-etoposide-10-7 M-7d,HEK293,13,etoposide,,,Fresh,DMEM+FBS,10-7 M,7,A110617A_hdbscan_cell_cn_tree_heatmap_new.png (https://v5.airtableusercontent.com/v1/17/17/1686182400000/G7k6xAsFUglc0Z5HJRQlGQ/GjvsDhS1a2iHDRlNeqcl2W4lSEWjpJ6iWNHhSG4zUOoz3NAbMek0p83UA-M19zBibXrOlYfR8sZROhM0Vxl2T08svevJtc5_T2GD8vNIpQmxPDYWKIju49VDKw6lPjPyEZHUcethdi3xHsYfne3XLg/a2d_4Z2nWK72dT7w9jGitZEl12uPouDFMRDGGkB_Z54),,https://alhena.molonc.ca/alhena/dashboards/SC-4526,Done,SC-4270 SC-4271,AT5 A110617A,,,,,,,,,,,,,,,,,,
HEK293-Untreated--d,HEK293,13,Untreated,,,Fresh,DMEM+FBS,,,,,,NOT DONE,,,,,,,,,,,,,,,,,,,,
HEK293-DMSO--6d,HEK293,14,DMSO,,,Fresh,DMEM+FBS,,6,A118357A_hdbscan_cell_cn_tree_heatmap_new.png (https://v5.airtableusercontent.com/v1/17/17/1686182400000/mzZIK3NiajJ9Y4S1kigbsg/TGIIf1qCaDvlTthaRO0kUb7bOtdKFQ0SwhQS-Y0p92_m77trDxjqbXnK5B3PLCeBOhjyR9lPCdiWX_Szy0qp1261ye9dytSP4n0qoiHrfyzVSK4QpmPe4WcgpfrfDQzhWLoAtM49lEInLAEOfnz8rw/z6HckD6Qwt9D2dEASgtKHgbD6elfUfXl5IIHfJjk76s),,https://alhena.molonc.ca/alhena/dashboards/SC-4392,Done,SC-4318 SC-4319,AT7 A118357A,,,,,,,,,,,,,,,,,,
HEK293-voreloxin-150 nM-6d,HEK293,14,voreloxin,,,Fresh,DMEM+FBS,150 nM,6,A118346B_hdbscan_cell_cn_tree_heatmap_new.png (https://v5.airtableusercontent.com/v1/17/17/1686182400000/7adBu-lo3wx8LtdBjoGZ6w/vZGkiFi7_hKkHuMhC0UbEl_PiTgAqgDbvhvTUNASO2gUC9MS2plIshsHte-Ey6D6rNiOaC73MuFAPdqZbVu-T1w-It-uUv4H6nIlvgTQv0XZEWmKPZVI_mkzGZ1cMkkhpUw2n9HCuFDj7C8XoKak0w/yJpgWSrWFPRBv7rl60zmNJAsJtE4Z3DgKvvQsF5-nW4),,https://alhena.molonc.ca/alhena/dashboards/SC-4423 https://alhena.molonc.ca/alhena/dashboards/SC-7129,Done,SC-4320 SC-4321,AT8 A118346B,,,,,,,,,,,,,,,,,,
HEK293-BNS22-4x10-7 M-7d,HEK293,15,BNS22,,,Fresh,DMEM+FBS,4x10-7 M,7,,,,NOT DONE,,,,,,,,,,,,,,,,,,,,
HEK293-etoposide-50 nM-7d,HEK293,15,etoposide,,,Fresh,DMEM+FBS,50 nM,7,,,,NOT DONE,,,,,,,,,,,,,,,,,,,,
hTERT p53-/- BRCA2-/- 112.109-CX5461-6.02 nM-5+7d,hTERT p53-/- BRCA2-/- 112.109,23,CX5461,,,Fresh,MEBM defined media,6.02 nM,5+7,,AT18978,https://alhena.molonc.ca/alhena/dashboards/SC-8271,Done,SC-8046 SC-8047,AT18978,hTERT p53 KO BRCA2 KO 6.03nM CX5461 (112.109) (5 day drug + 7 day no drug),hTERT p53 KO BRCA2 KO 6.03nM CX5461 (112.109) (5 day drug + 7 day no drug),"A138884B, A138889B",,Nanopore/DLP CX5461 (4) hTERT p53 KO BRCA1/2 KO,"83.86=AT18977, 112.109=AT18978 ",Nanopore/DLP CX5461 (4) hTERT p53 KO BRCA1/2 KO,9/9/2022,9/14/2022,,"83.86=AT18981, 112.109=AT18982 ",,,,,,,
hTERT p53-/- BRCA1-/- 83.86-CX5461-2.2 nM-5+7d,hTERT p53-/- BRCA1-/- 83.86,19,CX5461,,,Fresh,MEBM defined media,2.2 nM,5+7,,AT18977 ,https://alhena.molonc.ca/alhena/dashboards/SC-8274,Done,SC-8044 SC-8045,AT18977 A138884A,hTERT p53 KO BRCA1 KO 2.2nM CX5461 (83.86) (5 day drug + 7 day no drug) ,hTERT p53 KO BRCA1 KO 2.2nM CX5461 (83.86) (5 day drug + 7 day no drug) ,"A138884A, A138889A",,Nanopore/DLP CX5461 (4) hTERT p53 KO BRCA1/2 KO,"83.86=AT18977, 112.109=AT18978 ",Nanopore/DLP CX5461 (4) hTERT p53 KO BRCA1/2 KO,9/9/2022,9/14/2022,,"83.86=AT18981, 112.109=AT18982 ",,,,,,,
hTERT p53-/- BRCA2-/- 112.109-CX5461-6.02 nM-5+10+5d,hTERT p53-/- BRCA2-/- 112.109,25,CX5461,,,Fresh,MEBM defined media,6.02 nM,5+10+5,,AT18986,https://alhena.molonc.ca/alhena/dashboards/SC-8347,Done,SC-8072 ,AT18986 A130820B,hTERT BRCA2 KO p53 KO (112.109) 6.02nM CX5461 (14 day drug + 7 day holiday + 6 day drug),hTERT BRCA2 KO p53 KO (112.109) 6.02nM CX5461 (14 day drug + 7 day holiday + 6 day drug),"A130820B, A130826B",,Nanopore/DLP CX5461 (4) hTERT p53 KO BRCA1/2 KO p+2,"83.86=AT18985, 112.109=AT18986 ",Nanopore/DLP CX5461 (4) hTERT p53 KO BRCA1/2 KO p+2,9/9/2022,10/6/2022,,"83.86=AT18989, 112.109=AT18990 ",,,,,,,
hTERT p53-/- BRCA1-/- 83.86-CX5461-2.2 nM-5+10+5d,hTERT p53-/- BRCA1-/- 83.86,21b,CX5461,,,Fresh,MEBM defined media,2.2 nM,5+10+5,,AT18985,https://alhena.molonc.ca/alhena/dashboards/SC-8333,Done,SC-8070 SC-8071,AT18985 A130820A,hTERT BRCA1 KO p53 KO (83.86) 2.2nM CX5461 (14 day drug + 7 day holiday + 6 day drug),hTERT BRCA1 KO p53 KO (83.86) 2.2nM CX5461 (14 day drug + 7 day holiday + 6 day drug),"A130820A, A130826A",,Nanopore/DLP CX5461 (4) hTERT p53 KO BRCA1/2 KO p+2,"83.86=AT18985, 112.109=AT18986 ",Nanopore/DLP CX5461 (4) hTERT p53 KO BRCA1/2 KO p+2,9/9/2022,10/6/2022,,"83.86=AT18989, 112.109=AT18990 ",,,,,,,
hTERT p53-/- BRCA2-/- 112.109-Untreated--d,hTERT p53-/- BRCA2-/- 112.109,23,Untreated,,,Fresh,MEBM defined media,,,,,,Done but no DLP,"no DLP
","AT18448
",,,,,Nanopore only untreated hTERT p53 KO BRCA2 KO (no BRCA1),ND,Nanopore only untreated hTERT p53 KO BRCA2 KO (no BRCA1),9/9/2022,9/9/2022,,"83.86=ND, 112-109=AT18448",,,,,,,
hTERT p53-/- BRCA1-/- 83.86-Untreated--d,hTERT p53-/- BRCA1-/- 83.86,19,Untreated,,,Fresh,MEBM defined media,,,,,,NOT DONE,"no DLP
",AT18449 (NOT DONE),,,,,Nanopore only untreated hTERT p53 KO BRCA2 KO (no BRCA1),ND,Nanopore only untreated hTERT p53 KO BRCA2 KO (no BRCA1),9/9/2022,9/9/2022,,"83.86=ND, 112-109=AT18448",,,,,,,
hTERT p53-/- BRCA2-/+ 116.66-Untreated--d,hTERT p53-/- BRCA2-/+ 116.66,8,Untreated,,,Fresh,MEBM defined media,,,,,https://alhena.molonc.ca/alhena/dashboards/SC-7015,Done,SC-4450 ,SA1188 A118425B,,,,,Nanopore hTERT 116.66 p8,SA1188 A118425B,Nanopore hTERT 116.66 p8,,,,AT7679 XP1422,,,,,,,
184-hTERT-L9 (WT) -PDS-7 µM-7d,184-hTERT-L9 (WT) ,52,PDS,,,Fresh,DMEM+FBS,7 µM,7,A131224A_hdbscan_cell_cn_tree_heatmap_new.png (https://v5.airtableusercontent.com/v1/17/17/1686182400000/8K7OgtfLfj2i1rHeYfDokQ/qCz1MbGS00K-WQR4LKV8oEGjnA_T3RNUHl0wcn8ehmCE_MCMEHvtaV8JpVK7_fhrXzMofh8KZvGUy6LVPFHLXHJ6d5jTcEloGKQvGR6BvX0SW-L77m7QkggHsGOQ6XWZROmv6D4SDy4k_jTfVt9BZQ/Jfa2q5D9UNu_mqPMjjF2z2eHe99DsY_2Bqa6LqehLEc),AT10249,https://alhena.molonc.ca/alhena/dashboards/SC-7797,Done,SC-7628 SC-7629,AT10249 A131224A,hTERT WT PDS ,hTERT WT PDS ,"A131224A, A131229A",,Nanopore/DLP PDS hTERT WT/p53 KO,AT10249/AT10250 ,Nanopore/DLP PDS hTERT WT/p53 KO,3/17/2022,3/24/2022,"https://www.bcgsc.ca/jira/browse/SC-7628, https://www.bcgsc.ca/jira/browse/SC-7630",AT16732 / AT16733 (too low),,AT16732,67.3,2.9,35549,Good,hTERT WT p53 - PDS 7 days
hTERT p53-/- 95.22-PDS-6.24 µM-7d,hTERT p53-/- 95.22,49,PDS,,,Fresh,DMEM+FBS,6.24 µM,7,A131224B_hdbscan_cell_cn_tree_heatmap_new.png (https://v5.airtableusercontent.com/v1/17/17/1686182400000/UQ0x-hrsrYZH2J_Ma4VsMQ/Rn4JMwnvpN-sY1XPV8MMklD7Rl0uIzeo_G5vSbstajCagXkLpP1UZSySdanYzcb3k5uqw6C4T0qsc1A29KmUQs4zjl_E1nZOVkVoOGWkFd0Z3_LRy7dvFELqczL820LQx4PSpjTC0J3g_-DwykCw0w/C_Zyc00BWpxvuPj-5F9EHJ5Q5GZU8e0ugyhMgNihQso),AT10250,https://alhena.molonc.ca/alhena/dashboards/SC-7796,Done,SC-7630 SC-7631,AT10250 A131224B,hTERT p53 KO PDS ,hTERT p53 KO PDS ,"A131224B, A131229B",,Nanopore/DLP PDS hTERT WT/p53 KO,AT10249/AT10250 ,Nanopore/DLP PDS hTERT WT/p53 KO,3/17/2022,3/24/2022,"https://www.bcgsc.ca/jira/browse/SC-7628, https://www.bcgsc.ca/jira/browse/SC-7630",AT16732 / AT16733 (too low),,AT16733,,,,,hTERT p53-/- 95.22 p49 PDS 7 days
184-hTERT-L9 (WT) -SB-124-4 µM-6d,184-hTERT-L9 (WT) ,53,SB-124,,,Fresh,DMEM+FBS,4 µM,6,A131143A_hdbscan_cell_cn_tree_heatmap_new.png (https://v5.airtableusercontent.com/v1/17/17/1686182400000/ME7wL0djt6xOhJgq7QFBXA/apJ7ZuXjrmz5u1imuu1cxH50a0EOWNZ3g_bf5t7rs0aOVq8tcnCX0fpE4cMBrgCJrLiARCsyQHMNAl5cdq3AA5kYRn2Sh8qfOSmso_4RgMpNto2dIxEj7yti7dcVWDEo0KTtRSIRnuw_RjOL77pesQ/sZIP3DP_ihQvV3YD9z-Yhxo-fsaViZGXhnGVgcc0rgc),AT11607,https://alhena.molonc.ca/alhena/dashboards/SC-8063,Done,SC-7649 SC-7650,AT11607 A131143A,hTERT WT SB-124,hTERT WT SB-124,"A131143A, A131205A",,Nanopore/DLP SB-124 hTERT WT/p53 KO,AT11607/AT11608 ,Nanopore/DLP SB-124 hTERT WT/p53 KO,3/30/2022,4/6/2022,"https://www.bcgsc.ca/jira/browse/SC-7649, ",AT16739 / AT16740,,AT16739,32.9,5.35,10200,Ok,hTERT WT p53 - SB-124 9 days
hTERT p53-/- 95.22-SB-124-3.2 µM-6d,hTERT p53-/- 95.22,55b,SB-124,,,Fresh,DMEM+FBS,3.2 µM,6,A131143B_hdbscan_cell_cn_tree_heatmap_new.png (https://v5.airtableusercontent.com/v1/17/17/1686182400000/apXWWMed5yNWELhLY9PELQ/wfM_CYo04NJ9OTL9E3jlpiU_ZwO_wHSC_GH0Kj9HHstH07iqNKFN0n76wZtFNRXfTwNtrqTwhoopT0NhCmkt4AT9gzsW8MUP9zuB2SN4-of4Ldj1OLnGHertv4mGu8bTdZV3HrqcLP_lDs8bb7Uuow/16E1GJfVwUcJaHAM8Byo9khbRyijhxdeJl7lMVwedLg),AT11608,https://alhena.molonc.ca/alhena/dashboards/SC-7921,Done,SC-7651 SC-7652,AT11608  A131143B,hTERT p53 KO SB-124,hTERT p53 KO SB-124,"A131143B, A131205B",,Nanopore/DLP SB-124 hTERT WT/p53 KO,AT11607/AT11608 ,Nanopore/DLP SB-124 hTERT WT/p53 KO,3/30/2022,4/6/2022,"https://www.bcgsc.ca/jira/browse/SC-7649, ",AT16739 / AT16740,,AT16740,26.6,2.17,20600,Ok,hTERT p53-/- 95.22 p55b - SB-124 9 days
hTERT p53-/- BRCA1-/- 83.86-SB-124-340 nM-9d,hTERT p53-/- BRCA1-/- 83.86,51,SB-124,,,Fresh,DMEM+FBS,340 nM,9,A131195A_hdbscan_cell_cn_tree_heatmap_new.png (https://v5.airtableusercontent.com/v1/17/17/1686182400000/UVaXTH2mTx7Y0fyJWrydDQ/JoR9605s9dVzT42lgUq6Bxzm9rcPtBsWoKS8OSzAmHoUo8CDFNk_rGChd_xf8-plSn_q_XI0-sFE1CW_RZeqoknwdVmoIBfvSkH6nL8M-YJaake3te3AVzF-V49-5Y260OYfEEUqMmJX-Ms-Gou_tQ/WCiDvYx38Etnl2qX3MmLUixFsaEJYwyZIlJ72AfJtq4),AT11609,https://alhena.molonc.ca/alhena/dashboards/SC-8122,Done,SC-7653 SC-7654,"AT11609, A131195A",hTERT p53 KO BRCA1 KO SB-124,hTERT p53 KO BRCA1 KO SB-124,"A131195A, A131212A",,Nanopore/DLP SB-124 hTERT p53 KO BRCA1/2 KO,AT11609/AT11610 ,Nanopore/DLP SB-124 hTERT p53 KO BRCA1/2 KO,3/30/2022,4/8/2022,"https://www.bcgsc.ca/jira/browse/SC-7655, https://www.bcgsc.ca/jira/browse/SC-7655",AT16741 / AT16742,,AT16741,,,,Failed at QC,hTERT p53-/- BRCA1-/- 83.86 p51 - SB-124 9 days
hTERT p53-/- BRCA2-/- 112.109-SB-124-335 nM-9d,hTERT p53-/- BRCA2-/- 112.109,50,SB-124,,,Fresh,DMEM+FBS,335 nM,9,A131195B_hdbscan_cell_cn_tree_heatmap_new.png (https://v5.airtableusercontent.com/v1/17/17/1686182400000/YtNIhkTnAUk2nhY1qrQ1UA/NaZ42I-7dy3cWhdn0exM9oR5UnvLJU8fRFjuk4Vah-z27DPg0La29XyT1s4jx4QC5XeOtxLu_vgZ3xUyB9F4YmOLHAdqlx49BZ5wz914--IyLETRQmL-MN_dumxa4RJC331Mva4eg4tySQWo8l1SSA/k76jxOhqf_j_o6lkZBPvVbLSLpXAEDkwjmKLj5MTc5s),AT11610,,Done,SC-7655 SC-7656,AT11610 A131195B,hTERT p53 KO BRCA2 KO SB-124,hTERT p53 KO BRCA2 KO SB-124,"A131195B, A131212B",,Nanopore/DLP SB-124 hTERT p53 KO BRCA1/2 KO,AT11609/AT11610 ,Nanopore/DLP SB-124 hTERT p53 KO BRCA1/2 KO,3/30/2022,4/8/2022,"https://www.bcgsc.ca/jira/browse/SC-7655, https://www.bcgsc.ca/jira/browse/SC-7655",AT16741 / AT16742,,AT16742,,,,Failed at QC,hTERT p53-/- BRCA2-/- 112.109 p50 - SB-124 9 days
hTERT p53-/- 95.22-BMH-21-703 nM-6d,hTERT p53-/- 95.22,38,BMH-21,,,Fresh,MEBM defined media,703 nM,6,,AT18455 ,https://alhena.molonc.ca/alhena/dashboards/SC-8245,Done,SC-8012 SC-8013,AT18455,hTERT 95.22 BMH-21,hTERT 95.22 BMH-21,"A138873B, A138888B",,Nanopore/DLP BMH-21  hTERT WT/p53 KO,AT18454 WT p47+ 990 nM BMH-21 AT18455 95.22 p38 + 703 nM BMH-21,Nanopore/DLP BMH-21  hTERT WT/p53 KO,8/31/2022,9/6/2022,,AT18450 WT p47+ 990nM BMH-21 AT18452 95.22 p38 + 703 nM BMH-21 ,,,,,,,
184-hTERT-L9 (WT) -BMH-21-990 nM-6d,184-hTERT-L9 (WT) ,47,BMH-21,,,Fresh,MEBM defined media,990 nM,6,,AT18454,https://alhena.molonc.ca/alhena/dashboards/SC-8244,Done,SC-8010 SC-8011,AT18454,hTERT Wt BMH-21,hTERT Wt BMH-21,"A138873A, A138888A",,Nanopore/DLP BMH-21  hTERT WT/p53 KO,AT18454 WT p47+ 990 nM BMH-21 AT18455 95.22 p38 + 703 nM BMH-21,Nanopore/DLP BMH-21  hTERT WT/p53 KO,8/31/2022,9/6/2022,,AT18450 WT p47+ 990nM BMH-21 AT18452 95.22 p38 + 703 nM BMH-21 ,,,,,,,
hTERT p53-/- 95.22-CX5461-703 nM-8d,hTERT p53-/- 95.22,38,CX5461,,,Fresh,MEBM defined media,703 nM,8,,AT18457,,In progress,,AT18457,hTERT p53 KO 703nM CX5461(3) (95.22),hTERT p53 KO 703nM CX5461(3) (95.22),"A138870B, A138871B",,Nanopore/DLP CX5461 (3) hTERT WT/p53 KO,AT18456 WT p47 + 990 nM CX5461 AT18457 95.22 p38 + 703 nM CX5461,Nanopore/DLP CX5461 (3) hTERT WT/p53 KO,8/31/2022,9/8/2022,https://molonc.atlassian.net/wiki/spaces/~453271370/pages/1197670404/PDX+Structural+variants,AT18451 WT p47+ 990nM CX5461 AT18453 95.22 p38 + 703 nM CX-5461,,,,,,,
184-hTERT-L9 (WT) -CX5461-990 nM-8d,184-hTERT-L9 (WT) ,47,CX5461,,,Fresh,MEBM defined media,990 nM,8,,AT18456,https://alhena.molonc.ca/alhena/dashboards/SC-8261,Done,SC-8017 SC-8018,AT18456 A138871A,hTERT WT 990nM CX5461(3),hTERT WT 990nM CX5461(3),"A138870A, A138871A",,Nanopore/DLP CX5461 (3) hTERT WT/p53 KO,AT18456 WT p47 + 990 nM CX5461 AT18457 95.22 p38 + 703 nM CX5461,Nanopore/DLP CX5461 (3) hTERT WT/p53 KO,8/31/2022,9/8/2022,https://molonc.atlassian.net/wiki/spaces/~453271370/pages/1197670404/PDX+Structural+variants,AT18451 WT p47+ 990nM CX5461 AT18453 95.22 p38 + 703 nM CX-5461,,,,,,,
hTERT p53-/- BRCA1-/- 83.86-PDS-1.25 µM-6d,hTERT p53-/- BRCA1-/- 83.86,49,PDS,,,Fresh,DMEM+FBS,1.25 µM,6,A131227A_hdbscan_cell_cn_tree_heatmap_new.png (https://v5.airtableusercontent.com/v1/17/17/1686182400000/SpvSEbs7If-uIT1kawZKGA/82H6dUCv_r4ellns7th9XVJD0Lz13R3yxGj399GE3rDccO2fPNi8SyZgk1nocWo58D0hwvMyuFAtZNZwEVnpd5WflYqBJZzsMRRuy_t4YUinDklUfbjnm0pmH3QNP1EKwEiuSd-ZKM1EElcSyW4Wzg/f07brAsHfq67Rm9A17pPwyf2PE6zZkTIotluzsxdMKY),AT14875,https://alhena.molonc.ca/alhena/dashboards/SC-7800,poor quality cells?,"SC-7619 	SC-7620",AT14875 A131227A,hTERT p53 KO BRCA1 KO PDS,hTERT p53 KO BRCA1 KO PDS,"A131227A, A131210A",,Nanopore/DLP PDS hTERT p53 KO BRCA1/2 KO,AT10251/AT10252,Nanopore/DLP PDS hTERT p53 KO BRCA1/2 KO,3/17/2022,3/22/2022,https://www.bcgsc.ca/jira/browse/SC-7618,ND / AT16734,,,,,,,
hTERT p53-/- BRCA2-/- 112.109-PDS-1.29 µM-6d,hTERT p53-/- BRCA2-/- 112.109,49,PDS,,,Fresh,DMEM+FBS,1.29 µM,6,A131227B_hdbscan_cell_cn_tree_heatmap_new.png (https://v5.airtableusercontent.com/v1/17/17/1686182400000/_AAVNddfyg__FK34XAN3QQ/PgOwmW1ONiroNNUkxV-rh50Aw8BzbXv0fjNozXck5UBbCfyi49PysR8AFEgxn8daYZzMJ46TRbSCBeXRTMqpML0kKpcE6Hlv2zM55b9AJeG4AASW4MiENtWI_-savQxZOZoUHHm-46CXGAmS-0iFlQ/5phjmiBQayHT011OCJ9s62Hc9eOfRJbtBhIvAwB9Chk),AT14876,https://alhena.molonc.ca/alhena/dashboards/SC-7799,poor quality cells?,SC-7617 SC-7618,AT14876 A131227B,hTERT p53 KO BRCA2 KO PDS,hTERT p53 KO BRCA2 KO PDS,"A131227B, A131210B",,Nanopore/DLP PDS hTERT p53 KO BRCA1/2 KO,AT10251/AT10252,Nanopore/DLP PDS hTERT p53 KO BRCA1/2 KO,3/17/2022,3/22/2022,https://www.bcgsc.ca/jira/browse/SC-7618,ND / AT16734,,AT16734,96.8,4.46,32036,Good,hTERT p53-/- BRCA2-/- 112.109 p49 PDS 7 days
hTERT p53-/- 95.22-Untreated--d,hTERT p53-/- 95.22,39,Untreated,,,Fresh,MEBM defined media,,,,,,Done but no DLP,"no DLP
",AT18447,,,,,Nanopore only untreated hTERT WT/p53 KO,ND,Nanopore only untreated hTERT WT/p53 KO,9/9/2022,9/9/2022,,"WT=AT18446, p53KO= AT18447 ",,,,,,,
184-hTERT-L9 (WT) -Untreated--d,184-hTERT-L9 (WT) ,48,Untreated,,,Fresh,MEBM defined media,,,,,,Done but no DLP,"no DLP
",AT18446,,,,,Nanopore only untreated hTERT WT/p53 KO,ND,Nanopore only untreated hTERT WT/p53 KO,9/9/2022,9/9/2022,,"WT=AT18446, p53KO= AT18447 ",,,,,,,
hTERT p53-/- 95.22-CX5461-703 nM-5+7d,hTERT p53-/- 95.22,39,CX5461,,,Fresh,MEBM defined media,703 nM,5+7,,"AT18976, AT18984",https://alhena.molonc.ca/alhena/dashboards/SC-8331,Done,SC-8041 SC-8040,"AT18976 A138891B
","hTERT p53 KO 703nM CX5461 (95.22) (5 day drug + 7 day no drug) , hTERT p53 KO (95.22) 703nM CX5461 (14 day drug + 7 day holiday + 5 day drug)","hTERT p53 KO 703nM CX5461 (95.22) (5 day drug + 7 day no drug) , hTERT p53 KO (95.22) 703nM CX5461 (14 day drug + 7 day holiday + 5 day drug)","A138875B, A138891B, A130832B, A130856B",,Nanopore/DLP CX5461 (4) hTERT WT/p53 KO,"WT=AT18975, 95.22=AT18976",Nanopore/DLP CX5461 (4) hTERT WT/p53 KO,9/9/2022,9/14/2022,,"WT=AT18979, 95.22=18980",,,,,,,
184-hTERT-L9 (WT) -CX5461-990 nM-5+7d,184-hTERT-L9 (WT) ,48,CX5461,,,Fresh,MEBM defined media,990 nM,5+7,,"AT18975, AT18983",https://alhena.molonc.ca/alhena/dashboards/SC-8326,Done,SC-8039,"AT18975 A138891A
"," hTERT WT 990nM CX5461 (5 day drug + 7 day no drug), hTERT WT 990nM CX5461 (14 day drug + 7 day holiday + 5 day drug)"," hTERT WT 990nM CX5461 (5 day drug + 7 day no drug), hTERT WT 990nM CX5461 (14 day drug + 7 day holiday + 5 day drug)","A138875A, A138891A, A130832A, A130856A",,Nanopore/DLP CX5461 (4) hTERT WT/p53 KO,"WT=AT18975, 95.22=AT18976",Nanopore/DLP CX5461 (4) hTERT WT/p53 KO,9/9/2022,9/14/2022,,"WT=AT18979, 95.22=18980",,,,,,,
hTERT p53-/- 95.22-CX5461-703 nM-5+10+5d,hTERT p53-/- 95.22,40,CX5461,,,Fresh,MEBM defined media,703 nM,5+10+5,,AT18984,https://alhena.molonc.ca/alhena/dashboards/SC-8260,Done,SC-8067 SC-8068,AT18984 A130832B ,hTERT p53 KO (95.22) 703nM CX5461 (14 day drug + 7 day holiday + 5 day drug),hTERT p53 KO (95.22) 703nM CX5461 (14 day drug + 7 day holiday + 5 day drug),"A130832B, A130856B",,Nanopore/DLP CX5461 (4) hTERT WT/p53 KO P+2,"WT=AT18983, 95.22=AT18984",Nanopore/DLP CX5461 (4) hTERT WT/p53 KO P+2,9/9/2022,10/5/2022,,"WT=AT18987, 95.22=AT18988",,,,,,,
184-hTERT-L9 (WT) -CX5461-990 nM-5+10+5d,184-hTERT-L9 (WT) ,50,CX5461,,,Fresh,MEBM defined media,990 nM,5+10+5,,AT18983,https://alhena.molonc.ca/alhena/dashboards/SC-8259,Done,SC-8067 SC-8068,AT18983 A130832A,hTERT WT 990nM CX5461 (14 day drug + 7 day holiday + 5 day drug),hTERT WT 990nM CX5461 (14 day drug + 7 day holiday + 5 day drug),"A130832A, A130856A",,Nanopore/DLP CX5461 (4) hTERT WT/p53 KO P+2,"WT=AT18983, 95.22=AT18984",Nanopore/DLP CX5461 (4) hTERT WT/p53 KO P+2,9/9/2022,10/5/2022,,"WT=AT18987, 95.22=AT18988",,,,,,,
hTERT p53-/- 95.22-CX5461-703 nM-7+/7-d,hTERT p53-/- 95.22,41,CX5461,2024_10_12,,TRUE,Fresh,MEBM defined media,703 nM,7+7-,AT25532,https://alhena.molonc.ca/alhena/dashboards/SC-9027,Done,SC-9027,AT25532 A143946B,,,A143946B,,,,,,,,,,,,,,,
hTERT p53-/- 95.22-CX5461-703 nM-7+/7+d,hTERT p53-/- 95.22,41,CX5461,2024_10_12,,FALSE,Fresh,MEBM defined media,703 nM,7+7+,AT25533,https://alhena.molonc.ca/alhena/dashboards/SC-9029,Done,SC-9029,AT25533 A143949B,,,,,,,,,,,,,,,,,,
hTERT p53 KO (95.22) IC30 CX-5461 (7 day drug),hTERT p53-/- 95.22,,CX5461,2024_11_03,,FALSE,Fresh,MEBM defined media,703 nM,7,AT25982,https://alhena.molonc.ca/alhena/dashboards/SC-9122,,,,,,A143951A,,,,,,,,,,,,,,,
hTERT p53 KO (95.22) IC30 CX-5461 (5 day drug),hTERT p53-/- 95.22,,CX5461,2024_11_03,,FALSE,Fresh,MEBM defined media,703 nM,5,AT25981,https://alhena.molonc.ca/alhena/dashboards/SC-9148,,,,,,A143910B,,,,,,,,,,,,,,,
hTERT p53 KO (95.22) (14 day untreated),hTERT p53-/- 95.22,,Untreated,2024_10_12,,FALSE,Fresh,MEBM defined media,Untreated,,AT25534,https://alhena.molonc.ca/alhena/dashboards/SC-9139,,,,,,A143931A,,,,,,,,,,,,,,,
hTERT p53 KO (95.22) CX-5461 (+3/-4),hTERT p53-/- 95.22,,CX5461,2024_10_12,,FALSE,Fresh,MEBM defined media,703 nM,"""+3/-4""",AT25530,https://alhena.molonc.ca/alhena/dashboards/SC-9134,,,,,,A143934A,,,,,,,,,,,,,,,
hTERT p53 KO (95.22) CX-5461 (+3/+4),hTERT p53-/- 95.22,,CX5461,2024_10_12,,FALSE,Fresh,MEBM defined media,703 nM,7,AT25531,https://alhena.molonc.ca/alhena/dashboards/SC-9120,,,,,,A143934B,,,,,,,,,,,,,,,
hTERT p53 KO (95.22) 703nM CX-5461 (3 day drug),hTERT p53-/- 95.22,,CX5461,2024_10_12,,FALSE,Fresh,MEBM defined media,703 nM,3,AT25528,https://alhena.molonc.ca/alhena/dashboards/SC-9129,,,,,,A143922A,,,,,,,,,,,,,,,
hTERT p53 KO (95.22) Untreated (3 day untreated),hTERT p53-/- 95.22,,Untreated,2024_10_12,,FALSE,Fresh,MEBM defined media,Untreated,,AT25529,https://alhena.molonc.ca/alhena/dashboards/SC-9127,,,,,,A143922B,,,,,,,,,,,,,,,
hTERT p50 KO (95.22) IC30 CX-5461 (5 day drug/5 day holiday),hTERT p53-/- 95.22,,CX5461,2024_11_03,,FALSE,Fresh,MEBM defined media,703 nM,5+/5-,AT25984,https://alhena.molonc.ca/alhena/dashboards/SC-9156,,,,,,A143914A,,,,,,,,,,,,,,,
hTERT p53 KO (95.22) IC30 CX-5461 (5 day drug/7 day holiday),hTERT p53-/- 95.22,,CX5461,2024_11_03,,FALSE,Fresh,MEBM defined media,703 nM,5+/7-,AT25986,https://alhena.molonc.ca/alhena/dashboards/SC-9161,,,,,,A143947A,,,,,,,,,,,,,,,
hTERT p53 KO (95.22) IC30 CX-5461 (5 day drug/14 day holiday),hTERT p53-/- 95.22,,CX5461,2024_11_03,,FALSE,Fresh,MEBM defined media,703 nM,5+/14-,AT25989,https://alhena.molonc.ca/alhena/dashboards/SC-9162,,,,,,A143907B,,,,,,,,,,,,,,,
hTERT p53 KO BRCA1 KO (83.86) untreated,hTERT p53-/- BRCA1-/- 83.86,,Untreated,2024_11_03,,FALSE,Fresh,MEBM defined media,Untreated,,AT25979,,,,,,,A143932B,,,,,,,,,,,,,,,
hTERT p53 KO BRCA1 KO (83.86) IC30 CX-5461 (5 day drug),hTERT p53-/- BRCA1-/- 83.86,,CX5461,2024_11_03,,FALSE,Fresh,MEBM defined media,2.2 nM,5,AT25980,https://alhena.molonc.ca/alhena/dashboards/SC-9124,,,,,,A143910A,,,,,,,,,,,,,,,
hTERT p53 KO BRCA1 KO (83.86) IC30 CX-5461 (7 day drug),hTERT p53-/- BRCA1-/- 83.86,,CX5461,2024_11_03,,FALSE,Fresh,MEBM defined media,2.2 nM,7,AT25983,https://alhena.molonc.ca/alhena/dashboards/SC-9151,,,,,,A143951B,,,,,,,,,,,,,,,
hTERT p53 KO BRCA1 KO (83.86) IC30 CX-5461 (5 day drug/5 day holiday),hTERT p53-/- BRCA1-/- 83.86,,CX5461,2024_11_03,,FALSE,Fresh,MEBM defined media,2.2 nM,5+/5-,AT25985,https://alhena.molonc.ca/alhena/dashboards/SC-9153,,,,,,A143914B,,,,,,,,,,,,,,,
hTERT p53 KO BRCA1 KO (83.86) IC30 CX-5461 (5 day drug/7 day holiday),hTERT p53-/- BRCA1-/- 83.86,,CX5461,2024_11_03,,FALSE,Fresh,MEBM defined media,2.2 nM,5+/7-,AT25987,https://alhena.molonc.ca/alhena/dashboards/SC-9160,,,,,,A143947B,,,,,,,,,,,,,,,
hTERT p53 KO BRCA1 KO (83.86) IC30 CX-5461 (5 day drug/14 day holiday),hTERT p53-/- BRCA1-/- 83.86,,CX5461,2024_11_03,,FALSE,Fresh,MEBM defined media,2.2 nM,5+/14-,AT25988,https://alhena.molonc.ca/alhena/dashboards/SC-9118,,,,,,A143907A,,,,,,,,,,,,,,,
RPE-1 cas9 p53 WT-BLM-/-,RPE-1 cas9 p53 WT-BLM-/-,,Untreated,,,FALSE,Fresh,MEBM defined media,Untreated,,,https://alhena.molonc.ca/alhena/dashboards/SC-4530,,,,,,,,,,,,,,,,,,,,,
hTERT p53-/- 95.22 7d Untreated,hTERT p53-/- 95.22,43,Untreated,2024_05_31,FALSE,FALSE,Fresh,MEBM defined media,Untreated,,AT28551,https://alhena.molonc.ca/alhena/dashboards/SC-9265,,,,,,A143821A,,,,,,,,,,,,,,,
hTERT p53-/- 95.22 7d cisplatin,hTERT p53-/- 95.22,43,cisplatin,2024_05_31,FALSE,FALSE,Fresh,MEBM defined media,cisplatin,,AT28552,https://alhena.molonc.ca/alhena/dashboards/SC-9266,,,,,,A143821B,,,,,,,,,,,,,,,
hTERT p53-/- 95.22 7d+5 cisplatin,hTERT p53-/- 95.22,44,cisplatin,2024_05_31,TRUE,FALSE,Fresh,MEBM defined media,,,AT28553,https://alhena.molonc.ca/alhena/dashboards/SC-9221,,,,,,A146324A,,,,,,,,,,,,,,,
hTERT p53-/- 95.22 5d+7 cisplatin,hTERT p53-/- 95.22,44,cisplatin,2024_05_31,TRUE,FALSE,Fresh,MEBM defined media,,,AT28554,https://alhena.molonc.ca/alhena/dashboards/SC-9172,,,,,,A146324B,,,,,,,,,,,,,,,
hTERT p53-/- 95.22 5d+9 cisplatin,hTERT p53-/- 95.22,44,cisplatin,2024_05_31,TRUE,FALSE,Fresh,MEBM defined media,,,AT28555,,,,,,,,,,,,,,,,,,,,,,
hTERT p53-/- 95.22 5d+9+5d cisplatin,hTERT p53-/- 95.22,45,cisplatin,2024_05_31,TRUE,FALSE,Fresh,MEBM defined media,,,AT28557,https://alhena.molonc.ca/alhena/dashboards/SC-9267,,,,,,A146249A,,,,,,,,,,,,,,,
hTERT p53-/- 95.22 5d+9d untreated (14d),hTERT p53-/- 95.22,45,Untreated,2024_05_31,FALSE,FALSE,Fresh,MEBM defined media,,,AT28556,,,,,,,,,,,,,,,,,,,,,,
hTERT p53-/- 95.22 5d+9d+5d untreated (19d),hTERT p53-/- 95.22,45,Untreated,2024_05_31,FALSE,FALSE,Fresh,MEBM defined media,,,AT28558,https://alhena.molonc.ca/alhena/dashboards/SC-9272,,,,,,A146249B,,,,,,,,,,,,,,,
hTERT p53-/- BRCA1-/- 83.86 7d Untreated,hTERT p53-/- BRCA1-/- 83.86,27,Untreated,2024_05_31,FALSE,FALSE,Fresh,MEBM defined media,,,AT28561,https://alhena.molonc.ca/alhena/dashboards/SC-9243,,,,,,A143897A,,,,,,,,,,,,,,,
hTERT p53-/- BRCA1-/- 83.86 7d cisplatin,hTERT p53-/- BRCA1-/- 83.86,27,cisplatin,2024_05_31,FALSE,FALSE,Fresh,MEBM defined media,,,AT28562,https://alhena.molonc.ca/alhena/dashboards/SC-9243,,,,,,A143897B,,,,,,,,,,,,,,,
hTERT p53-/- BRCA1-/- 83.86 7d+5 cisplatin,hTERT p53-/- BRCA1-/- 83.86,28,cisplatin,2024_05_31,TRUE,FALSE,Fresh,MEBM defined media,,,AT28563,https://alhena.molonc.ca/alhena/dashboards/SC-9244,,,,,,A146246A,,,,,,,,,,,,,,,
hTERT p53-/- BRCA1-/- 83.86 5d+7 cisplatin,hTERT p53-/- BRCA1-/- 83.86,28,cisplatin,2024_05_31,TRUE,FALSE,Fresh,MEBM defined media,,,AT28564,https://alhena.molonc.ca/alhena/dashboards/SC-9245,,,,,,A146246B,,,,,,,,,,,,,,,
hTERT p53-/- BRCA1-/- 83.86 5d+9 cisplatin,hTERT p53-/- BRCA1-/- 83.86,28,cisplatin,2024_05_31,TRUE,FALSE,Fresh,MEBM defined media,,,AT28565,,,,,,,,,,,,,,,,,,,,,,
hTERT p53-/- BRCA1-/- 83.86 5d+9+5d cisplatin,hTERT p53-/- BRCA1-/- 83.86,29,cisplatin,2024_05_31,TRUE,FALSE,Fresh,MEBM defined media,,,AT28567,https://alhena.molonc.ca/alhena/dashboards/SC-9299,,,,,,A146252A,,,,,,,,,,,,,,,
hTERT p53-/- BRCA1-/- 83.86 5d+9 Untreated,hTERT p53-/- BRCA1-/- 83.86,28,Untreated,2024_05_31,FALSE,FALSE,Fresh,MEBM defined media,,,AT28566,,,,,,,,,,,,,,,,,,,,,,
hTERT p53-/- BRCA1-/- 83.86 5d+9+5d Untreated,hTERT p53-/- BRCA1-/- 83.86,29,Untreated,2024_05_31,FALSE,FALSE,Fresh,MEBM defined media,,,AT28568,https://alhena.molonc.ca/alhena/dashboards/SC-9309,,,,,,A146252B,,,,,,,,,,,,,,,
hTERT p53-/- 95.22 7d Untreated,hTERT p53-/- 95.22,,Untreated,2024_06_01_Palbo,FALSE,,,MEBM defined media,,,AT28920,,,,,,,,,,,,,,,,,,,,,,
hTERT p53-/- 95.22 7d Palbociclib,hTERT p53-/- 95.22,,Palbocicilib,2024_06_01_Palbo,FALSE,,,MEBM defined media,,,AT28921,,,,,,,,,,,,,,,,,,,,,,
hTERT p53-/- 95.22 7d+5 Palbociclib,hTERT p53-/- 95.22,,Palbocicilib,2024_06_01_Palbo,TRUE,,,MEBM defined media,,,AT28922,,,,,,,,,,,,,,,,,,,,,,
hTERT p53-/- 95.22 5d+7 Palbociclib,hTERT p53-/- 95.22,,Palbocicilib,2024_06_01_Palbo,TRUE,,,MEBM defined media,,,AT28923,,,,,,,,,,,,,,,,,,,,,,
hTERT p53-/- 95.22 5d+7+5 Palbociclib,hTERT p53-/- 95.22,,Palbocicilib,2024_06_01_Palbo,TRUE,,,MEBM defined media,,,AT28924,https://alhena.molonc.ca/alhena/dashboards/SC-9297,,,,,,A146338A,,,,,,,,,,,,,,,
hTERT p53-/- 95.22 5+7+5d Untreated,hTERT p53-/- 95.22,,Untreated,2024_06_01_Palbo,FALSE,,,MEBM defined media,,,AT28925,https://alhena.molonc.ca/alhena/dashboards/SC-9301,,,,,,A146338B,,,,,,,,,,,,,,,
hTERT p53-/- BRCA1-/- 83.86 7d Untreated,hTERT p53-/- BRCA1-/- 83.86,,Untreated,2024_06_01_Palbo,FALSE,,,MEBM defined media,,,AT28926,https://alhena.molonc.ca/alhena/dashboards/SC-9300,,,,,,A146355A,,,,,,,,,,,,,,,
hTERT p53-/- BRCA1-/- 83.86 7d Palbociclib,hTERT p53-/- BRCA1-/- 83.86,,Palbocicilib,2024_06_01_Palbo,FALSE,,,MEBM defined media,,,AT28927,https://alhena.molonc.ca/alhena/dashboards/SC-9303,,,,,,A146355B,,,,,,,,,,,,,,,
hTERT p53-/- BRCA1-/- 83.86 7d+5 Palbociclib,hTERT p53-/- BRCA1-/- 83.86,,Palbocicilib,2024_06_01_Palbo,TRUE,,,MEBM defined media,,,AT28928,https://alhena.molonc.ca/alhena/dashboards/SC-9298,,,,,,A146255B,,,,,,,,,,,,,,,
hTERT p53-/- BRCA1-/- 83.86 5d+7 Palbociclib,hTERT p53-/- BRCA1-/- 83.86,,Palbocicilib,2024_06_01_Palbo,TRUE,,,MEBM defined media,,,AT28929,https://alhena.molonc.ca/alhena/dashboards/SC-9302,,,,,,A146255A,,,,,,,,,,,,,,,
hTERT p53-/- BRCA1-/- 83.86 5d+7+5 Palbociclib,hTERT p53-/- BRCA1-/- 83.86,,Palbocicilib,2024_06_01_Palbo,TRUE,,,MEBM defined media,,,AT28930,https://alhena.molonc.ca/alhena/dashboards/SC-9464,,,,,,A146348A,,,,,,,,,,,,,,,
hTERT p53-/- BRCA1-/- 83.86 5d+7+5 Untreated,hTERT p53-/- BRCA1-/- 83.86,,Untreated,2024_06_01_Palbo,FALSE,,,MEBM defined media,,,AT28931,https://alhena.molonc.ca/alhena/dashboards/SC-9465,,,,,,A146348B,,,,,,,,,,,,,,,
hTERT p53-/- BRCA1-/- 83.86-CX5461-2.2 nM-5+7d,hTERT p53-/- BRCA1-/- 83.86,19,CX5461,,TRUE,Fresh,MEBM defined media,2.2 nM,5+7,,AT18977 ,https://alhena.molonc.ca/alhena/dashboards/SC-9104,Done,SC-8044 SC-8045,AT18977 A138884A,hTERT p53 KO BRCA1 KO 2.2nM CX5461 (83.86) (5 day drug + 7 day no drug) ,hTERT p53 KO BRCA1 KO 2.2nM CX5461 (83.86) (5 day drug + 7 day no drug) ,"A138884A, A138889A",,Nanopore/DLP CX5461 (4) hTERT p53 KO BRCA1/2 KO,"83.86=AT18977, 112.109=AT18978 ",Nanopore/DLP CX5461 (4) hTERT p53 KO BRCA1/2 KO,9/9/2022,9/14/2022,,"83.86=AT18981, 112.109=AT18982 ",,,,,,,
RPE1 CAS9 P53 / PARP1 / RAP80 KO #4 p3,RPE1 CAS9 P53,,Untreated,PROJ-JACKSON,FALSE,,,,,,AT30703,https://alhena.molonc.ca/alhena/dashboards/SC-9458,,,,,,A143823A,,,,,,,,,,,,,,,
RPE1 CAS9 P53 / PARP1 / RAP80 KO #16 p3,RPE1 CAS9 P53,,Untreated,PROJ-JACKSON,FALSE,,,,,,AT30788,https://alhena.molonc.ca/alhena/dashboards/SC-9459,,,,,,A143823B,,,,,,,,,,,,,,,
RPE1 CAS9 P53 / BRCA1 KO p3,RPE1 CAS9 P53,,Untreated,PROJ-JACKSON,FALSE,,,,,,AT31071,https://alhena.molonc.ca/alhena/dashboards/SC-9454,,,,,,A143885A,,,,,,,,,,,,,,,
RPE1 CAS9 P53 / BRCA1 / SHLD1 KO p3,RPE1 CAS9 P53,,Untreated,PROJ-JACKSON,FALSE,,,,,,AT31349,https://alhena.molonc.ca/alhena/dashboards/SC-9463,,,,,,A143885B,,,,,,,,,,,,,,,
RPE1 CAS9 P53 / ERCC6L2 KO #49 p3,RPE1 CAS9 P53,,Untreated,PROJ-JACKSON,FALSE,,,,,,AT30603,https://alhena.molonc.ca/alhena/dashboards/SC-9451,,,,,,A143889A,,,,,,,,,,,,,,,
RPE1 CAS9 P53 / DNAPKCS KO #3 p3,RPE1 CAS9 P53,,Untreated,PROJ-JACKSON,FALSE,,,,,,AT30624,https://alhena.molonc.ca/alhena/dashboards/SC-9460,,,,,,A143889B,,,,,,,,,,,,,,,
RPE1 CAS9 P53 / ERCC6L2 KO #47 p3,RPE1 CAS9 P53,,Untreated,PROJ-JACKSON,FALSE,,,,,,AT30585,https://alhena.molonc.ca/alhena/dashboards/SC-9447,,,,,,A146300A,,,,,,,,,,,,,,,
RPE1 CAS9 P53 / ABRX KO #15 p3,RPE1 CAS9 P53,,Untreated,PROJ-JACKSON,FALSE,,,,,,AT30388,https://alhena.molonc.ca/alhena/dashboards/SC-9450,,,,,,A146300B,,,,,,,,,,,,,,,
RPE1 Cas9 p53 KO #7 p4,RPE1 CAS9 P53,,Untreated,PROJ-JACKSON,FALSE,,,,,,AT29963,https://alhena.molonc.ca/alhena/dashboards/SC-9457,,,,,,A146347A,,,,,,,,,,,,,,,
hTERT p53 KO (95.22) CX5461 Selleckchem 27nM (7 day drug + 7 day holiday),hTERT p53-/- 95.22,,CX5461,PROJ_MAGIC,TRUE,,,,,,,https://alhena.molonc.ca/alhena/dashboards/SC-9453,,,,,,A118887A,,,,,,,,,,,,,,,
hTERT p53 KO (95.22) CX5461 Senhwa 38nM (7 day drug + 7 day holiday),hTERT p53-/- 95.22,,CX5461,PROJ_MAGIC,TRUE,,,,,,,https://alhena.molonc.ca/alhena/dashboards/SC-9462,,,,,,A118887B,,,,,,,,,,,,,,,
hTERT p53 KO (95.22) Palbociclib 29nM (7 day drug + 7 day holiday),hTERT p53-/- 95.22,,Palbocicilib,PROJ_MAGIC,TRUE,,,,,,,https://alhena.molonc.ca/alhena/dashboards/SC-9449,,,,,,A118888A,,,,,,,,,,,,,,,
hTERT p53 KO (95.22) Olaparib 1.5uM (7 day drug + 7 day holiday),hTERT p53-/- 95.22,,Olaparib,PROJ_MAGIC,TRUE,,,,,,,,,,,,,A118888B,,,,,,,,,,,,,,,
hTERT p53 KO (95.22) untreated (14 day),hTERT p53-/- 95.22,,Untreated,PROJ_MAGIC,FALSE,,,,,,,https://alhena.molonc.ca/alhena/dashboards/SC-9452,,,,,,A118890A,,,,,,,,,,,,,,,
hTERT p53 KO (95.22) Cisplatin 93nM (7 day + 7 day holiday),hTERT p53-/- 95.22,,cisplatin,PROJ_MAGIC,TRUE,,,,,,,https://alhena.molonc.ca/alhena/dashboards/SC-9455,,,,,,A118890B,,,,,,,,,,,,,,,
hTERT p53 KO (95.22) Palbociclib 29nM (7 day),hTERT p53-/- 95.22,,Palbocicilib,PROJ_MAGIC,FALSE,,,,,,,https://alhena.molonc.ca/alhena/dashboards/SC-9456,,,,,,A118891A,,,,,,,,,,,,,,,
hTERT p53 KO (95.22) Olaparib 1.5uM (7 day),hTERT p53-/- 95.22,,Olaparib,PROJ_MAGIC,FALSE,,,,,,,https://alhena.molonc.ca/alhena/dashboards/SC-9461,,,,,,A118891B,,,,,,,,,,,,,,,
OS152,OS152,,Untreated,Osteosarcoma,,,,,,,AT24001,https://alhena.molonc.ca/alhena/dashboards/SC-9020,,,,,,A138928B,,,,,,,,,,,,,,,
OS152,OS153,,Untreated,Osteosarcoma,,,,,,,AT26409,https://alhena.molonc.ca/alhena/dashboards/SC-8956,,,,,,A143952B,,,,,,,,,,,,,,,
OS526,OS526,,Untreated,Osteosarcoma,,,,,,,AT24000,https://alhena.molonc.ca/alhena/dashboards/SC-9081,,,,,,A138945B,,,,,,,,,,,,,,,
OS742,OS742,,Untreated,Osteosarcoma,,,,,,,AT21552,https://alhena.molonc.ca/alhena/dashboards/SC-8985,,,,,,A138971A,,,,,,,,,,,,,,,
OS774,OS774,,Untreated,Osteosarcoma,,,,,,,AT23073,https://alhena.molonc.ca/alhena/dashboards/SC-9060,,,,,,A138920A,,,,,,,,,,,,,,,